OPERATOR_ID,NAME,COUNTRY,CONTINENT,GSMA_NOTES,NUMBER OF SUBMISSIONS,LATEST_2G,LATEST_3G,LATEST_4G,LATEST_5G
7,Afghan Wireless (TSI),Afghanistan,ASIA,-,3,2016,2016,Not Submitted,-
487,Roshan (TDCA),Afghanistan,ASIA,-,-,Not Submitted,Not Submitted,Not Submitted,-
1017,MTN,Afghanistan,ASIA,-,2,2016,Not Submitted,No Licence,-
1431,Etisalat,Afghanistan,ASIA,-,1,2015,2015,Not Submitted,-
1788,Salaam (Afghan Telecom),Afghanistan,ASIA,-,-,Not Submitted,Not Submitted,No Licence,-
1789,Wasel Telecom,Afghanistan,ASIA,-,-,Not Submitted,Not Submitted,No Licence,-
554,Vodafone,Albania,EUROPE,-,1,2012,2012,Not Submitted,-
628,One Telecommunication (antenna Hungaria),Albania,EUROPE,-,3,2020,2020,2020,-
1793,ALBtelecom (antenna Hungaria),Albania,EUROPE,-,5,2017,2017,2017,-
17,Mobilis (Algerie Telecom),Algeria,AFRICA,-,-,Not Submitted,Not Submitted,Not Submitted,-
574,Ooredoo (NMTC),Algeria,AFRICA,-,1,2013,Not Submitted,Not Submitted,-
597,Djezzy,Algeria,AFRICA,-,1,2012,Not Submitted,Not Submitted,-
688,ASTCA,American Samoa,OCEANIA,-,-,Not Submitted,Not Submitted,No Licence,-
753,BlueSky Communications (ATH),American Samoa,OCEANIA,-,1,2010,Not Submitted,No Licence,-
677,Andorra Telecom,Andorra,EUROPE,-,2,2019,2019,2019,-
542,Unitel,Angola,AFRICA,-,2,2011,Not Submitted,Not Submitted,-
689,Movicel,Angola,AFRICA,-,2,2012,Not Submitted,Not Submitted,-
5831,Multitel,Angola,AFRICA,-,-,No Licence,No Licence,Not Submitted,-
5939,Net One (MSTelcom),Angola,AFRICA,-,-,No Licence,No Licence,Not Submitted,-
8759,Africell,Angola,AFRICA,,1,2021,2021,2021,
56,Flow (Liberty Latin America),Anguilla,N AMERICA,-,1,2004,Not Submitted,No Licence,-
1790,Digicel,Anguilla,N AMERICA,-,4,2019,2019,2019,-
23,inet (APUA),Antigua and Barbuda,N AMERICA,-,2,2004,2020,2020,No Licence
844,Flow (Liberty Latin America),Antigua and Barbuda,N AMERICA,-,1,2004,Not Submitted,Not Submitted,-
884,Digicel,Antigua and Barbuda,N AMERICA,-,4,2019,2019,2019,-
132,Claro (America Movil),Argentina,S AMERICA,-,-,Not Submitted,Not Submitted,Not Submitted,-
489,Personal (Telecom Argentina),Argentina,S AMERICA,-,2,2011,Not Submitted,Not Submitted,No Licence
497,Movistar (Telefonica),Argentina,S AMERICA,-,1,2009,Not Submitted,Not Submitted,No Licence
4723,Libre (ARSAT),Argentina,S AMERICA,-,-,No Licence,Not Submitted,Not Submitted,-
6438,DIRECTV,Argentina,S AMERICA,-,-,No Licence,No Licence,Not Submitted,-
25,team Telecom Armenia,"Armenia, Republic of",ASIA,-,4,2019,2019,2019,-
927,Viva-MTS,"Armenia, Republic of",ASIA,-,6,2019,2019,2019,-
2074,Ucom,"Armenia, Republic of",ASIA,-,3,2019,2019,2019,-
4184,Karabakh Telecom; Nagorno-Karabakh,"Armenia, Republic of",ASIA,-,-,Not Submitted,Not Submitted,No Licence,-
419,SETAR,Aruba,N AMERICA,-,1,2010,2010,Not Submitted,-
793,Digicel,Aruba,N AMERICA,-,6,2019,2019,No Licence,-
1416,MIO,Aruba,N AMERICA,-,-,Not Submitted,Not Submitted,No Licence,-
210,Vodafone (TPG Telecom),Australia,OCEANIA,-,5,2017,2017,2017,No Licence
429,Optus (Singtel),Australia,OCEANIA,-,3,2012,2009,Not Submitted,-
515,Telstra,Australia,OCEANIA,-,4,2004,2018,2018,-
4007,Ausgrid,Australia,OCEANIA,-,-,No Licence,No Licence,Not Submitted,-
4374,nbn,Australia,OCEANIA,-,-,No Licence,No Licence,Not Submitted,No Licence
211,3 (CK Hutchison),Austria,EUROPE,-,2,2017,2017,2017,-
300,A1 Telekom,Austria,EUROPE,-,8,2019,2019,2019,-
461,Magenta Telekom (Deutsche Telekom),Austria,EUROPE,-,4,2019,2019,2019,-
33,Azercell (Azintelecom),"Azerbaijan, Republic of",ASIA,-,4,2020,2020,2020,No Licence
233,Bakcell,"Azerbaijan, Republic of",ASIA,-,1,2012,Not Submitted,Not Submitted,-
1224,Nar (Azerfon),"Azerbaijan, Republic of",ASIA,-,2,2016,2016,2016,-
3058,Delta Telecom,"Azerbaijan, Republic of",ASIA,-,-,No Licence,No Licence,Not Submitted,-
3682,Sazz (AzQtel),"Azerbaijan, Republic of",ASIA,-,-,No Licence,No Licence,Not Submitted,-
5885,Naxtel; Nakhchivan,"Azerbaijan, Republic of",ASIA,-,-,Not Submitted,No Licence,Not Submitted,No Licence
316,Zain,"Bahrain, Kingdom of",ASIA,-,1,2006,2006,Not Submitted,-
690,Batelco,"Bahrain, Kingdom of",ASIA,-,2,2016,2016,2016,-
1945,STC,"Bahrain, Kingdom of",ASIA,-,2,2019,2019,2019,No Licence
3043,Menatelecom,"Bahrain, Kingdom of",ASIA,-,-,No Licence,No Licence,Not Submitted,No Licence
195,Grameenphone (Telenor),Bangladesh,ASIA,-,2,2011,Not Submitted,No Licence,-
422,banglalink (VEON),Bangladesh,ASIA,-,1,2005,Not Submitted,No Licence,-
673,Robi (Axiata),Bangladesh,ASIA,-,-,Not Submitted,Not Submitted,Not Submitted,-
956,Teletalk,Bangladesh,ASIA,-,-,Not Submitted,Not Submitted,Not Submitted,-
4888,Banglalion Communications,Bangladesh,ASIA,-,-,No Licence,No Licence,Not Submitted,No Licence
4890,QUBEE (Augere),Bangladesh,ASIA,-,-,No Licence,No Licence,Not Submitted,-
5679,Ollo (BIEL),Bangladesh,ASIA,-,-,No Licence,No Licence,Not Submitted,-
5827,BTCL,Bangladesh,ASIA,-,-,No Licence,No Licence,Not Submitted,No Licence
57,Flow (Liberty Latin America),Barbados,N AMERICA,-,1,2011,Not Submitted,Not Submitted,-
141,Digicel,Barbados,N AMERICA,-,5,2019,2019,2019,-
6254,Ozone,Barbados,N AMERICA,-,-,No Licence,No Licence,Not Submitted,-
648,MTS,Belarus,EUROPE,-,4,2018,2018,2018,-
650,A1,Belarus,EUROPE,-,5,2019,2019,2020,No Licence
973,life:) (Turkcell),Belarus,EUROPE,-,3,2013,2013,Not Submitted,-
5638,beCloud,Belarus,EUROPE,-,-,No Licence,No Licence,Not Submitted,-
36,BASE (Telenet),Belgium,EUROPE,-,4,2019,2019,2019,-
41,Proximus,Belgium,EUROPE,-,4,2019,2019,2019,-
304,Orange,Belgium,EUROPE,-,6,2016,2016,2016,-
4817,VOYACOM (BUCD),Belgium,EUROPE,-,-,No Licence,No Licence,Not Submitted,-
5337,b.lite,Belgium,EUROPE,-,-,No Licence,No Licence,Not Submitted,-
885,DigiCell (Digi),Belize,N AMERICA,-,3,2020,2020,2020,-
1410,Smart (Speednet),Belize,N AMERICA,-,-,Not Submitted,Not Submitted,Not Submitted,-
446,MTN,Benin,AFRICA,-,4,2019,2019,2019,-
481,Moov Africa (Maroc Telecom),Benin,AFRICA,-,1,2004,Not Submitted,Not Submitted,-
691,Libercom (Benin Telecoms),Benin,AFRICA,-,-,Not Submitted,No Licence,Not Submitted,-
1795,Glo Mobile (Globacom),Benin,AFRICA,-,1,2017,No Licence,No Licence,-
796,Digicel,Bermuda,N AMERICA,-,4,2019,2019,2019,-
797,One Communications (ATN),Bermuda,N AMERICA,-,2,2012,2012,Not Submitted,-
34,B-Mobile (Bhutan Telecom),Bhutan,ASIA,-,3,2019,2019,2019,-
1804,TashiCell,Bhutan,ASIA,-,1,2013,Not Submitted,Not Submitted,-
168,Entel,Bolivia,S AMERICA,-,2,2012,Not Submitted,Not Submitted,-
340,VIVA (Balesia Technologies),Bolivia,S AMERICA,-,2,2014,Not Submitted,Not Submitted,-
692,Tigo (Millicom),Bolivia,S AMERICA,-,-,2022,2022,2022,-
134,Digicel,Bonaire,N AMERICA,-,5,2019,2019,No Licence,-
811,Flow (Liberty Latin America),Bonaire,N AMERICA,-,-,Not Submitted,Not Submitted,Not Submitted,-
5806,Kla Mobile (Telbo),Bonaire,N AMERICA,-,-,Not Submitted,Not Submitted,Not Submitted,-
44,BH Telecom,Bosnia Herzegovina,EUROPE,-,6,2019,2019,2019,No Licence
173,HT Eronet (HT Mostar),Bosnia Herzegovina,EUROPE,-,5,2019,2019,No Licence,-
408,m:tel (Telekom Srpske),Bosnia Herzegovina,EUROPE,-,5,2019,2019,2020,-
271,Mascom (MTN),Botswana,AFRICA,-,1,2008,Not Submitted,Not Submitted,-
356,Orange,Botswana,AFRICA,-,-,Not Submitted,Not Submitted,Not Submitted,-
1806,btc,Botswana,AFRICA,-,3,2016,Not Submitted,Not Submitted,-
418,Sercomtel,Brazil,S AMERICA,-,1,2004,Not Submitted,No Licence,-
620,Vivo (Telefonica),Brazil,S AMERICA,-,6,2020,2020,2020,-
630,Claro (America Movil),Brazil,S AMERICA,-,3,2012,2012,Not Submitted,-
649,Oi,Brazil,S AMERICA,-,1,2006,Not Submitted,Not Submitted,No Licence
675,Algar Telecom,Brazil,S AMERICA,-,2,2017,2019,2019,No Licence
881,TIM (Telecom Italia),Brazil,S AMERICA,-,3,2013,2013,Not Submitted,-
970,Nextel (America Movil),Brazil,S AMERICA,-,-,Not Submitted,Not Submitted,Not Submitted,-
4894,Sky (DIRECTV),Brazil,S AMERICA,-,-,No Licence,No Licence,Not Submitted,-
5463,On,Brazil,S AMERICA,-,-,No Licence,No Licence,Not Submitted,-
5910,CPqD,Brazil,S AMERICA,-,-,No Licence,No Licence,Not Submitted,-
6726,iConecta,Brazil,S AMERICA,-,-,No Licence,No Licence,Not Submitted,-
3742,Sure (Batelco),British Indian Ocean Territory,ASIA,-,-,Not Submitted,No Licence,No Licence,-
693,DST,Brunei Darussalam,ASIA,-,5,2014,2015,2016,-
979,Progresif,Brunei Darussalam,ASIA,-,2,No Licence,2018,Not Submitted,-
125,Yettel (PPF),Bulgaria,EUROPE,-,1,2005,Not Submitted,Not Submitted,-
301,A1,Bulgaria,EUROPE,-,2,2011,2011,Not Submitted,-
837,VIVACOM (United),Bulgaria,EUROPE,-,7,2019,2019,2019,-
3750,MAX,Bulgaria,EUROPE,-,-,No Licence,No Licence,Not Submitted,-
87,Orange,Burkina Faso,AFRICA,-,2,2014,2014,Not Submitted,-
695,Moov Africa (Maroc Telecom),Burkina Faso,AFRICA,-,-,Not Submitted,Not Submitted,No Licence,-
696,Telecel Faso (Planor afrique),Burkina Faso,AFRICA,-,2,2014,No Licence,No Licence,-
698,Econet Wireless,Burundi,AFRICA,-,-,Not Submitted,Not Submitted,Not Submitted,-
1796,ONAMOB (ONATEL),Burundi,AFRICA,-,-,Not Submitted,No Licence,No Licence,-
1797,Smart,Burundi,AFRICA,-,1,Not Submitted,2019,No Licence,-
5760,Lumitel (Viettel),Burundi,AFRICA,-,-,Not Submitted,Not Submitted,Not Submitted,-
71,Cellcard (MobiTel),"Cambodia, Kingdom of",ASIA,-,3,2016,2016,2016,-
1800,Qb (CADCOMMS),"Cambodia, Kingdom of",ASIA,-,1,Not Submitted,2009,No Licence,-
1801,MetFone (Viettel),"Cambodia, Kingdom of",ASIA,-,2,2011,2011,Not Submitted,-
1802,Smart (Axiata),"Cambodia, Kingdom of",ASIA,-,3,2017,2017,2017,-
1833,3tel (AZ Com),"Cambodia, Kingdom of",ASIA,-,-,Not Submitted,Not Submitted,No Licence,-
4014,Alltech,"Cambodia, Kingdom of",ASIA,-,-,No Licence,No Licence,Not Submitted,-
4256,Kingtel,"Cambodia, Kingdom of",ASIA,-,-,No Licence,No Licence,Not Submitted,-
5959,Yes Seatel,"Cambodia, Kingdom of",ASIA,-,-,No Licence,No Licence,Not Submitted,-
6138,Wizion (Chuan Wei),"Cambodia, Kingdom of",ASIA,-,-,No Licence,No Licence,Not Submitted,-
318,MTN,Cameroon,AFRICA,-,4,2017,2017,2017,-
359,Orange,Cameroon,AFRICA,-,-,Not Submitted,Not Submitted,Not Submitted,-
1643,CamTel,Cameroon,AFRICA,-,-,No Licence,Not Submitted,Not Submitted,-
3960,YooMee,Cameroon,AFRICA,-,-,No Licence,No Licence,Not Submitted,-
5667,Nexttel (Viettel),Cameroon,AFRICA,-,1,2017,2017,Not Submitted,-
406,Rogers,Canada,N AMERICA,-,4,2018,2018,2018,-
614,Telus,Canada,N AMERICA,-,12,Not Submitted,2015,2015,-
631,Bell (BCE),Canada,N AMERICA,-,23,Not Submitted,2018,2018,-
896,SaskTel,Canada,N AMERICA,-,4,Not Submitted,2019,2019,-
1069,Ice Wireless,Canada,N AMERICA,-,1,Not Submitted,2017,2017,-
1248,Tbaytel,Canada,N AMERICA,-,7,Not Submitted,2020,2020,-
1876,FIRST Networks,Canada,N AMERICA,-,-,Not Submitted,No Licence,No Licence,-
1947,Airtel Wireless,Canada,N AMERICA,-,-,Not Submitted,No Licence,No Licence,-
1951,Freedom Mobile (Shaw Communications),Canada,N AMERICA,-,2,No Licence,2020,2020,-
1952,TNW Wireless (Investel Capital),Canada,N AMERICA,-,-,Not Submitted,No Licence,No Licence,-
1954,Videotron (Quebecor Media),Canada,N AMERICA,-,7,No Licence,2019,2019,-
3261,EastLink (Bragg Communications),Canada,N AMERICA,-,-,No Licence,Not Submitted,Not Submitted,-
3674,Lynx Mobility (OmniGlobe Networks),Canada,N AMERICA,-,-,Not Submitted,No Licence,No Licence,-
3675,WestNet Wireless,Canada,N AMERICA,-,-,No Licence,Not Submitted,No Licence,-
3783,Xplore Mobile (Xplornet Communications),Canada,N AMERICA,-,-,No Licence,No Licence,Not Submitted,-
3812,Wightman Telecom,Canada,N AMERICA,-,-,Not Submitted,No Licence,No Licence,-
4477,NetSet (Manitoba NetSet),Canada,N AMERICA,-,-,No Licence,No Licence,Not Submitted,-
4824,Fleetcom (Lakeshore),Canada,N AMERICA,-,-,Not Submitted,No Licence,No Licence,-
5291,Keewaytinook Mobile,Canada,N AMERICA,-,-,Not Submitted,No Licence,No Licence,-
5622,QINIQ (SSI Micro),Canada,N AMERICA,-,-,Not Submitted,No Licence,Not Submitted,-
5805,ABC Communications,Canada,N AMERICA,-,-,No Licence,No Licence,Not Submitted,-
5855,Core Broadband,Canada,N AMERICA,-,-,No Licence,No Licence,Not Submitted,-
6073,CCI Wireless (Corridor Communications),Canada,N AMERICA,-,-,No Licence,No Licence,Not Submitted,-
68,CVMovel (Cabo Verde Telecom),Cape Verde,AFRICA,-,3,2016,2016,No Licence,-
1211,Unitel T+,Cape Verde,AFRICA,-,1,2010,Not Submitted,No Licence,-
54,Flow (Liberty Latin America),Cayman Islands,N AMERICA,-,-,Not Submitted,Not Submitted,Not Submitted,-
144,Digicel,Cayman Islands,N AMERICA,-,2,2018,2018,Not Submitted,-
1047,BlueSky Communications,Cayman Islands,N AMERICA,-,-,Not Submitted,No Licence,No Licence,-
326,Azur (Bintel),Central African Republic,AFRICA,-,-,Not Submitted,Not Submitted,No Licence,No Licence
702,Moov (Maroc Telecom),Central African Republic,AFRICA,-,3,2014,No Licence,No Licence,-
1805,Orange,Central African Republic,AFRICA,-,-,Not Submitted,Not Submitted,No Licence,-
1870,Telecel,Central African Republic,AFRICA,-,-,Not Submitted,Not Submitted,No Licence,-
94,Airtel (Airtel Africa),Chad,AFRICA,-,3,2018,2018,No Licence,-
957,Moov Africa (Maroc Telecom),Chad,AFRICA,-,2,2019,2019,2019,-
3004,Salam Mobile,Chad,AFRICA,-,-,Not Submitted,Not Submitted,No Licence,-
5836,YooMee,Chad,AFRICA,-,-,No Licence,No Licence,Not Submitted,-
167,Entel,Chile,S AMERICA,-,3,2011,2009,Not Submitted,-
494,Movistar (Telefonica),Chile,S AMERICA,-,3,2011,2015,2015,-
676,Claro (America Movil),Chile,S AMERICA,-,-,Not Submitted,Not Submitted,Not Submitted,-
1456,WOM (Novator),Chile,S AMERICA,-,-,Not Submitted,Not Submitted,Not Submitted,-
5217,Interexport (Motorola Solutions),Chile,S AMERICA,-,-,Not Submitted,No Licence,No Licence,-
101,China Mobile,"China, People's Republic of",ASIA,-,1,2004,Not Submitted,Not Submitted,-
103,China Unicom,"China, People's Republic of",ASIA,-,-,Not Submitted,Not Submitted,Not Submitted,-
1811,China Telecom,"China, People's Republic of",ASIA,-,-,Not Submitted,Not Submitted,Not Submitted,-
847,Indian Ocean Territories Telecom,Cocos (Keeling) Islands,ASIA,-,-,Not Submitted,No Licence,No Licence,-
112,Tigo (Millicom),Colombia,S AMERICA,-,-,Not Submitted,Not Submitted,Not Submitted,-
119,Claro (America Movil),Colombia,S AMERICA,-,-,Not Submitted,Not Submitted,Not Submitted,-
641,Movistar (Telefonica),Colombia,S AMERICA,-,2,2018,2018,2018,No Licence
1957,Avantel (Novator),Colombia,S AMERICA,-,1,2019,2019,2019,-
5574,DIRECTV,Colombia,S AMERICA,-,-,No Licence,No Licence,Not Submitted,-
5662,ETB,Colombia,S AMERICA,-,-,No Licence,No Licence,Not Submitted,-
437,Huri (Comores Telecom),Comoros,AFRICA,-,-,Not Submitted,No Licence,No Licence,-
3582,Twama Telecom,Comoros,AFRICA,-,-,Not Submitted,No Licence,No Licence,-
6143,Telma,Comoros,AFRICA,-,-,Not Submitted,Not Submitted,Not Submitted,-
89,Airtel (Airtel Africa),Congo,AFRICA,-,1,2014,2014,No Licence,-
599,MTN,Congo,AFRICA,-,4,2014,Not Submitted,Not Submitted,-
3101,Azur (Bintel),Congo,AFRICA,-,-,Not Submitted,Not Submitted,No Licence,-
486,Vodafone (ATH),Cook Islands,OCEANIA,-,1,2020,2020,2020,-
221,kolbi (ICE),Costa Rica,N AMERICA,-,1,2006,Not Submitted,Not Submitted,-
4078,Claro (America Movil),Costa Rica,N AMERICA,-,-,No Licence,Not Submitted,Not Submitted,-
4079,Liberty (Liberty Latin America),Costa Rica,N AMERICA,-,2,2018,2018,2018,-
5912,JAPI (IBW),Costa Rica,N AMERICA,-,-,No Licence,No Licence,Not Submitted,-
265,MTN,Côte d’Ivoire,AFRICA,-,1,2006,Not Submitted,Not Submitted,-
361,Orange,Côte d’Ivoire,AFRICA,-,-,Not Submitted,Not Submitted,Not Submitted,-
1109,Moov Africa (Maroc Telecom),Côte d’Ivoire,AFRICA,-,1,2011,Not Submitted,Not Submitted,-
5750,YooMee,Côte d’Ivoire,AFRICA,-,-,No Licence,No Licence,Not Submitted,-
5825,VipNet,Côte d’Ivoire,AFRICA,-,-,No Licence,No Licence,Not Submitted,-
548,A1,Croatia,EUROPE,-,5,2019,2019,2019,-
841,Hrvatski Telekom (Deutsche Telekom),Croatia,EUROPE,-,6,2020,2020,2020,-
981,Telemach (United),Croatia,EUROPE,-,-,Not Submitted,Not Submitted,Not Submitted,-
5231,Novi-Net Telekom (VelaTel),Croatia,EUROPE,-,-,No Licence,No Licence,Not Submitted,-
135,ETECSA,Cuba,N AMERICA,-,2,2004,2017,No Licence,-
1837,Digicel,Curaçao,N AMERICA,-,5,2019,2019,No Licence,-
4411,Chippie (Liberty Latin America),Curaçao,N AMERICA,-,-,Not Submitted,Not Submitted,Not Submitted,-
414,epic,Cyprus,ASIA,-,3,2016,2016,2016,-
706,Turkcell; Northern Cyprus,Cyprus,ASIA,-,-,Not Submitted,Not Submitted,No Licence,-
838,Cytamobile-Vodafone,Cyprus,ASIA,-,2,2011,Not Submitted,Not Submitted,-
2821,Telsim (Vodafone); Northern Cyprus,Cyprus,ASIA,-,-,Not Submitted,Not Submitted,No Licence,-
5694,PrimeTel,Cyprus,ASIA,-,-,No Licence,Not Submitted,Not Submitted,-
6295,Cablenet,Cyprus,ASIA,-,-,No Licence,No Licence,Not Submitted,-
98,Vodafone,Czechia,EUROPE,-,3,2016,2016,2016,-
175,O2 (PPF),Czechia,EUROPE,-,6,2019,2019,2019,-
462,T-Mobile (Deutsche Telekom),Czechia,EUROPE,-,3,2015,2015,2015,-
1964,Nordic Telecom,Czechia,EUROPE,-,-,No Licence,Not Submitted,Not Submitted,-
88,Airtel (Airtel Africa),"Congo, Democratic Republic of the",AFRICA,-,2,2014,2014,No Licence,-
550,Vodacom,"Congo, Democratic Republic of the",AFRICA,-,2,2014,Not Submitted,No Licence,-
865,Orange,"Congo, Democratic Republic of the",AFRICA,-,-,Not Submitted,Not Submitted,No Licence,-
866,Supercell,"Congo, Democratic Republic of the",AFRICA,-,-,Not Submitted,No Licence,No Licence,-
1813,Tatem Telecom,"Congo, Democratic Republic of the",AFRICA,-,-,Not Submitted,Not Submitted,No Licence,-
1958,Africell (Lintel),"Congo, Democratic Republic of the",AFRICA,-,-,Not Submitted,Not Submitted,No Licence,-
1959,Sematel (HITS Telecom),"Congo, Democratic Republic of the",AFRICA,-,-,Not Submitted,No Licence,No Licence,-
5362,Smile,"Congo, Democratic Republic of the",AFRICA,-,-,No Licence,No Licence,Not Submitted,-
5962,Vodafone (Afrimax),"Congo, Democratic Republic of the",AFRICA,-,-,No Licence,No Licence,Not Submitted,-
203,3 (CK Hutchison),Denmark,EUROPE,-,2,No Licence,2012,Not Submitted,-
441,Telenor,Denmark,EUROPE,-,1,2004,Not Submitted,Not Submitted,-
473,YouSee (TDC),Denmark,EUROPE,-,2,2015,2015,2015,-
512,Telia,Denmark,EUROPE,-,-,Not Submitted,Not Submitted,Not Submitted,-
1251,Net1 (Cibicom),Denmark,EUROPE,-,-,No Licence,Not Submitted,Not Submitted,-
150,Djibouti Telecom,"Djibouti, Republic of",AFRICA,-,-,Not Submitted,Not Submitted,Not Submitted,-
61,Flow (Liberty Latin America),"Dominica, Commonwealth of",N AMERICA,-,-,Not Submitted,Not Submitted,Not Submitted,-
886,Digicel,"Dominica, Commonwealth of",N AMERICA,-,4,2018,2018,2018,-
2083,Lycamobile,"Dominica, Commonwealth of",N AMERICA,-,-,Not Submitted,No Licence,No Licence,-
363,Altice,Dominican Republic,N AMERICA,-,1,2017,2017,2017,No Licence
707,Viva (Telemicro),Dominican Republic,N AMERICA,-,1,2011,Not Submitted,Not Submitted,-
708,Claro (America Movil),Dominican Republic,N AMERICA,-,3,2019,2019,2019,-
3131,Wind Telecom,Dominican Republic,N AMERICA,-,-,No Licence,No Licence,Not Submitted,-
522,Timor Telecom,Timor-Leste,ASIA,-,2,2013,Not Submitted,Not Submitted,-
5304,Telkomcel (Telin),Timor-Leste,ASIA,-,-,Not Submitted,Not Submitted,Not Submitted,-
5305,Telemor (Viettel),Timor-Leste,ASIA,-,-,Not Submitted,Not Submitted,Not Submitted,-
121,Claro (America Movil),Ecuador,S AMERICA,-,1,2004,Not Submitted,Not Submitted,-
709,Movistar (Telefonica),Ecuador,S AMERICA,-,1,Not Submitted,2011,Not Submitted,-
882,CNT,Ecuador,S AMERICA,-,1,2013,Not Submitted,Not Submitted,-
556,Vodafone,Egypt,AFRICA,-,2,2006,2008,Not Submitted,-
632,Orange (ECMS),Egypt,AFRICA,-,2,2011,2011,Not Submitted,-
1215,Etisalat,Egypt,AFRICA,-,-,Not Submitted,Not Submitted,Not Submitted,-
5438,We (Telecom Egypt),Egypt,AFRICA,-,-,No Licence,No Licence,Not Submitted,-
130,Claro (America Movil),El Salvador,N AMERICA,-,-,Not Submitted,Not Submitted,No Licence,-
147,Digicel,El Salvador,N AMERICA,-,2,2015,2015,Not Submitted,-
498,Movistar,El Salvador,N AMERICA,-,3,2020,2020,2020,-
504,Tigo (Millicom),El Salvador,N AMERICA,-,1,2004,Not Submitted,Not Submitted,-
1926,Red (Intelfon),El Salvador,N AMERICA,-,-,Not Submitted,No Licence,No Licence,-
5913,JAPI (IBW),El Salvador,N AMERICA,-,-,No Licence,No Licence,Not Submitted,-
190,GETESA,Equatorial Guinea,AFRICA,-,-,Not Submitted,No Licence,No Licence,-
1965,MUNI (Green Com),Equatorial Guinea,AFRICA,-,1,2014,Not Submitted,No Licence,-
5375,Guineanet,Equatorial Guinea,AFRICA,-,-,No Licence,No Licence,Not Submitted,-
171,Eritel,Eritrea,AFRICA,-,1,2005,No Licence,No Licence,-
26,Telia,Estonia,EUROPE,-,4,2009,2020,2020,-
401,Elisa,Estonia,EUROPE,-,1,2009,2009,Not Submitted,-
480,Tele2,Estonia,EUROPE,-,3,2011,2011,Not Submitted,-
455,MTN,"Eswatini, Kingdom of",AFRICA,-,1,2008,Not Submitted,Not Submitted,-
6579,Eswatini Mobile,"Eswatini, Kingdom of",AFRICA,-,-,Not Submitted,Not Submitted,Not Submitted,-
710,Ethio telecom,Ethiopia,AFRICA,-,1,2004,Not Submitted,Not Submitted,-
1072,Sure (Batelco),"Falkland Islands, Malvinas",S AMERICA,-,2,2013,No Licence,No Licence,-
182,Foroya Tele,Faroe Islands,EUROPE,-,1,2014,2014,Not Submitted,-
679,Hey (Fjarskipta),Faroe Islands,EUROPE,-,-,Not Submitted,Not Submitted,Not Submitted,No Licence
186,FSM Telecom,"Micronesia, Federated States of",OCEANIA,-,1,2014,No Licence,No Licence,-
558,Vodafone (ATH),Fiji,OCEANIA,-,2,2013,2013,Not Submitted,-
1859,Digicel (Telstra),Fiji,OCEANIA,-,1,2012,Not Submitted,Not Submitted,-
5605,Telecom Fiji (ATH),Fiji,OCEANIA,-,-,No Licence,No Licence,Not Submitted,-
161,Elisa,Finland,EUROPE,-,9,2016,2019,2019,-
185,DNA,Finland,EUROPE,-,4,2016,2016,2018,-
440,Telia,Finland,EUROPE,-,7,2020,2020,2020,-
1966,Edzcom (Cellnex),Finland,EUROPE,-,-,No Licence,Not Submitted,Not Submitted,-
50,Bouygues Telecom,France,EUROPE,-,1,2010,2010,Not Submitted,-
364,Orange,France,EUROPE,-,1,2005,2005,Not Submitted,-
421,SFR (Altice Europe),France,EUROPE,-,3,2011,2011,Not Submitted,-
3051,Free Mobile (Iliad),France,EUROPE,-,-,No Licence,Not Submitted,Not Submitted,-
5911,Bollore Telecom,France,EUROPE,-,-,No Licence,No Licence,Not Submitted,-
74,Digicel,French Guiana,S AMERICA,-,5,2019,2019,2019,-
199,Orange,French Guiana,S AMERICA,-,1,2006,Not Submitted,Not Submitted,-
985,SFR (Outremer Telecom),French Guiana,S AMERICA,-,1,2018,2018,2018,-
6451,Free Mobile (Iliad),French Guiana,S AMERICA,-,-,No Licence,No Licence,Not Submitted,No Licence
519,Vini (OPT),French Polynesia,OCEANIA,-,4,2017,2020,2020,-
2075,Vodafone (Pacific Mobile Telecom),French Polynesia,OCEANIA,-,-,Not Submitted,Not Submitted,Not Submitted,-
3156,Digicel,French Polynesia,OCEANIA,-,-,Not Submitted,No Licence,No Licence,-
90,Airtel (Airtel Africa),Gabon,AFRICA,-,2,2014,2014,Not Submitted,-
714,Moov Africa (Maroc Telecom),Gabon,AFRICA,-,-,Not Submitted,Not Submitted,Not Submitted,No Licence
1968,Azur (Bintel),Gabon,AFRICA,-,1,2013,Not Submitted,No Licence,-
379,Jawwal (PalTel),Gaza,ASIA,-,2,2011,Not Submitted,No Licence,-
1176,Ooredoo,Gaza,ASIA,-,2,2019,2019,No Licence,-
267,MagtiCom,Georgia,ASIA,-,2,2013,2013,Not Submitted,-
1145,Beeline,Georgia,ASIA,-,-,Not Submitted,Not Submitted,Not Submitted,-
1937,Aquafon (MegaFon); Abkhazia,Georgia,ASIA,-,-,Not Submitted,Not Submitted,Not Submitted,-
1938,MegaFon; South Ossetia,Georgia,ASIA,-,-,Not Submitted,Not Submitted,Not Submitted,-
3787,A-Mobile; Abkhazia,Georgia,ASIA,-,-,Not Submitted,Not Submitted,Not Submitted,-
5607,Silknet (Geocell),Georgia,ASIA,-,1,2019,2019,2019,-
341,O2 (Telefonica),Germany,EUROPE,-,5,2018,2018,2018,-
463,Telekom (Deutsche Telekom),Germany,EUROPE,-,1,2011,2011,Not Submitted,-
555,Vodafone,Germany,EUROPE,-,2,2011,2011,Not Submitted,-
2768,NetCologne,Germany,EUROPE,-,-,No Licence,Not Submitted,No Licence,-
5918,Deutsche Breitband Dienste,Germany,EUROPE,-,-,No Licence,No Licence,Not Submitted,-
282,Tigo (Millicom),Ghana,AFRICA,-,3,2019,2019,No Licence,No Licence
415,MTN,Ghana,AFRICA,-,4,2014,2014,Not Submitted,-
655,Celltel,Ghana,AFRICA,-,-,Not Submitted,Not Submitted,No Licence,-
717,Vodafone,Ghana,AFRICA,-,1,2006,Not Submitted,No Licence,-
1970,Glo Mobile (Globacom),Ghana,AFRICA,-,-,Not Submitted,Not Submitted,Not Submitted,-
4193,Goldkey,Ghana,AFRICA,-,-,No Licence,No Licence,Not Submitted,-
5489,Blu,Ghana,AFRICA,-,-,No Licence,No Licence,Not Submitted,-
5490,Surfline,Ghana,AFRICA,-,-,No Licence,No Licence,Not Submitted,-
5492,NITA,Ghana,AFRICA,-,-,No Licence,No Licence,Not Submitted,-
6197,Busy,Ghana,AFRICA,-,-,No Licence,No Licence,Not Submitted,-
6263,Zipnet (Broadband Home),Ghana,AFRICA,-,-,No Licence,No Licence,Not Submitted,-
191,Gibtelecom,Gibraltar,EUROPE,-,1,2005,Not Submitted,Not Submitted,-
128,Cosmote (OTE),Greece,EUROPE,-,3,2019,2019,2019,-
452,WIND (Largo),Greece,EUROPE,-,5,2019,2019,2019,-
570,Vodafone,Greece,EUROPE,-,2,2010,2017,2017,-
718,Tusass,Greenland,N AMERICA,-,3,2018,Not Submitted,2018,-
6379,Nanoq Media,Greenland,N AMERICA,-,-,No Licence,No Licence,Not Submitted,-
62,Flow (Liberty Latin America),Grenada,N AMERICA,-,1,2011,Not Submitted,No Licence,-
146,Digicel,Grenada,N AMERICA,-,3,2018,2018,2018,-
3550,Lycamobile,Grenada,N AMERICA,-,-,Not Submitted,No Licence,No Licence,-
4438,Spice Mobile (Affordable Island Communication),Grenada,N AMERICA,-,-,Not Submitted,Not Submitted,Not Submitted,-
805,Digicel,Guadeloupe,N AMERICA,-,5,2019,2019,2019,-
807,Orange,Guadeloupe,N AMERICA,-,1,2006,Not Submitted,Not Submitted,-
1385,SFR (Outremer Telecom),Guadeloupe,N AMERICA,-,1,2018,2018,2018,-
6452,Free Mobile (Iliad),Guadeloupe,N AMERICA,-,-,No Licence,No Licence,Not Submitted,-
719,DOCOMO PACIFIC (NTT DOCOMO),Guam,OCEANIA,-,4,2011,2019,2019,No Licence
720,IT&E (PTI),Guam,OCEANIA,-,1,2013,Not Submitted,Not Submitted,-
721,GTA,Guam,OCEANIA,-,1,2010,2010,Not Submitted,-
1841,iConnect,Guam,OCEANIA,-,-,Not Submitted,Not Submitted,Not Submitted,-
113,Tigo (Millicom),Guatemala,N AMERICA,-,-,Not Submitted,Not Submitted,Not Submitted,-
416,Claro/Movistar (America Movil),Guatemala,N AMERICA,-,1,2013,2013,Not Submitted,-
500,Movistar (Telefonica),Guatemala,N AMERICA,-,2,2018,2018,2018,-
1925,Red (Intelfon),Guatemala,N AMERICA,-,-,Not Submitted,No Licence,No Licence,No Licence
5914,JAPI (IBW),Guatemala,N AMERICA,-,-,No Licence,No Licence,Not Submitted,No Licence
575,JT,Guernsey,EUROPE,-,3,2017,2017,2017,-
723,Sure (Batelco),Guernsey,EUROPE,-,4,2014,Not Submitted,2017,-
1137,Airtel-Vodafone (Bharti),Guernsey,EUROPE,-,1,2013,2013,Not Submitted,-
780,Intercel+ (Sudatel),Guinea,AFRICA,-,-,Not Submitted,No Licence,No Licence,-
1018,MTN,Guinea,AFRICA,-,3,2014,2014,No Licence,-
1809,Orange (Sonatel),Guinea,AFRICA,-,-,Not Submitted,Not Submitted,No Licence,-
1836,Cellcom,Guinea,AFRICA,-,2,2012,2012,No Licence,-
868,MTN,Guinea-Bissau,AFRICA,-,-,Not Submitted,Not Submitted,No Licence,-
1808,Orange (Sonatel),Guinea-Bissau,AFRICA,-,-,Not Submitted,Not Submitted,Not Submitted,-
941,GTT (ATN),Guyana,S AMERICA,-,1,2012,Not Submitted,Not Submitted,-
942,Digicel,Guyana,S AMERICA,-,3,2019,2019,No Licence,-
1036,Digicel,Haiti,N AMERICA,-,3,2019,2019,No Licence,-
4066,Natcom (Viettel),Haiti,N AMERICA,-,-,Not Submitted,Not Submitted,Not Submitted,-
162,Hondutel,Honduras,N AMERICA,-,-,Not Submitted,No Licence,Not Submitted,-
277,Claro (America Movil),Honduras,N AMERICA,-,1,2005,Not Submitted,Not Submitted,-
939,Tigo (Millicom),Honduras,N AMERICA,-,4,2017,2017,2017,-
102,China Mobile,"Hong Kong, SAR China",ASIA,-,2,2018,2018,2018,-
216,3 (CK Hutchison),"Hong Kong, SAR China",ASIA,-,1,2013,2013,Not Submitted,-
435,SmarTone,"Hong Kong, SAR China",ASIA,-,1,2009,Not Submitted,Not Submitted,-
454,csl (HKT),"Hong Kong, SAR China",ASIA,-,3,2016,2016,2016,-
4825,iConnect (Sino Asia Industrial),"Hong Kong, SAR China",ASIA,-,-,Not Submitted,No Licence,No Licence,-
381,Yettel (PPF),Hungary,EUROPE,-,6,2019,2019,2019,-
464,Magyar Telekom,Hungary,EUROPE,-,5,2018,2018,2018,-
559,Vodafone,Hungary,EUROPE,-,2,2019,2019,2019,-
3949,Mobile Wireless Broadband Hungary,Hungary,EUROPE,-,-,No Licence,Not Submitted,No Licence,-
5917,DIGIMobil (antenna Hungaria),Hungary,EUROPE,-,-,No Licence,No Licence,Not Submitted,-
6134,AH Net,Hungary,EUROPE,-,-,No Licence,No Licence,Not Submitted,-
347,Vodafone (sýn),Iceland,EUROPE,-,5,2018,2018,2018,-
779,Siminn,Iceland,EUROPE,-,3,2016,2019,2019,-
1255,Nova,Iceland,EUROPE,-,5,No Licence,2018,2018,-
45,BSNL,India,ASIA,-,1,2007,Not Submitted,Not Submitted,-
47,Airtel (Bharti Airtel),India,ASIA,-,-,Not Submitted,Not Submitted,Not Submitted,-
222,Vi,India,ASIA,-,4,2017,2017,2017,No Licence
3677,Reliance Jio (Reliance Industries),India,ASIA,-,-,No Licence,No Licence,Not Submitted,-
176,XL (Axiata),Indonesia,ASIA,-,1,2014,2014,Not Submitted,-
393,Indosat Ooredoo Hutchison,Indonesia,ASIA,-,1,Not Submitted,2018,2018,-
615,Telkomsel (Telkom Indonesia),Indonesia,ASIA,-,2,2015,2015,Not Submitted,-
848,Smartfren,Indonesia,ASIA,-,-,Not Submitted,Not Submitted,Not Submitted,-
849,Net1 (Sampoerna Telekomunikasi Indonesia),Indonesia,ASIA,-,-,Not Submitted,Not Submitted,Not Submitted,-
1044,3 (CK Hutchison),Indonesia,ASIA,-,2,2019,2019,2019,No Licence
5753,BOLT! (Internux),Indonesia,ASIA,-,-,No Licence,No Licence,Not Submitted,-
6057,hinet (Berca Hardayaperkasa),Indonesia,ASIA,-,-,No Licence,No Licence,Not Submitted,-
294,MTCE (TCI),Iran,ASIA,-,-,Not Submitted,No Licence,No Licence,No Licence
786,MCI (TCI),Iran,ASIA,-,-,Not Submitted,Not Submitted,Not Submitted,-
787,TKC,Iran,ASIA,-,1,2004,No Licence,No Licence,-
1014,Taliya,Iran,ASIA,-,1,2008,No Licence,No Licence,-
1141,MTN Irancell,Iran,ASIA,-,3,2012,Not Submitted,Not Submitted,-
1985,Rightel (Tamin Telecom),Iran,ASIA,-,-,Not Submitted,Not Submitted,Not Submitted,-
5908,Mobinet,Iran,ASIA,-,-,No Licence,No Licence,Not Submitted,-
27,Asiacell (Ooredoo),Iraq,ASIA,-,1,2011,Not Submitted,No Licence,-
30,Zain,Iraq,ASIA,-,3,2012,Not Submitted,No Licence,-
251,Korek Telecom,Iraq,ASIA,-,1,2012,Not Submitted,No Licence,-
5148,Mobitel; Kurdistan,Iraq,ASIA,-,-,No Licence,Not Submitted,No Licence,-
5461,Fastlink (Regional Telecom); Kurdistan,Iraq,ASIA,-,1,Not Submitted,Not Submitted,2017,-
5625,Tishknet; Kurdistan,Iraq,ASIA,-,-,No Licence,No Licence,Not Submitted,-
5909,"Maxytel (Tel High Telecom), Kurdistan",Iraq,ASIA,-,-,No Licence,No Licence,Not Submitted,-
278,eir,Ireland,EUROPE,-,1,2006,Not Submitted,Not Submitted,-
560,Vodafone,Ireland,EUROPE,-,1,2009,2009,Not Submitted,-
961,3 (CK Hutchison),Ireland,EUROPE,-,3,2016,2017,2017,-
3052,Imagine Communications,Ireland,EUROPE,-,-,No Licence,No Licence,Not Submitted,-
269,Manx Telecom,Isle of Man,EUROPE,-,1,2005,Not Submitted,Not Submitted,-
1869,Sure (Batelco),Isle of Man,EUROPE,-,-,Not Submitted,Not Submitted,Not Submitted,No Licence
78,Cellcom,Israel,ASIA,-,2,2011,2011,Not Submitted,-
382,Partner,Israel,ASIA,-,3,2004,2011,Not Submitted,-
637,Pelephone (Bezeq),Israel,ASIA,-,1,Not Submitted,2010,Not Submitted,-
1035,HOT Mobile (Altice Europe),Israel,ASIA,-,-,Not Submitted,Not Submitted,No Licence,-
4280,wecom 018 Xfone,Israel,ASIA,-,-,No Licence,No Licence,Not Submitted,-
4478,Golan Telecom,Israel,ASIA,-,1,No Licence,2017,No Licence,-
200,Wind Tre (CK Hutchison),Italy,EUROPE,-,4,2019,2019,2019,-
488,TIM (Telecom Italia),Italy,EUROPE,-,4,2018,2018,2013,-
566,Vodafone,Italy,EUROPE,-,9,2017,2017,Not Submitted,-
3946,Opnet,Italy,EUROPE,-,-,No Licence,No Licence,Not Submitted,-
5972,Go Internet,Italy,EUROPE,-,-,No Licence,No Licence,Not Submitted,-
6214,Tiscali,Italy,EUROPE,-,-,No Licence,No Licence,Not Submitted,-
6313,Iliad,Italy,EUROPE,-,-,No Licence,Not Submitted,Not Submitted,-
63,Flow (Liberty Latin America),Jamaica,N AMERICA,-,1,2011,2011,Not Submitted,-
313,Digicel,Jamaica,N AMERICA,-,4,2019,2019,2019,No Licence
6286,Caricel,Jamaica,N AMERICA,-,-,No Licence,No Licence,Not Submitted,-
5637,Telenor,Jan Mayen,EUROPE,-,-,Not Submitted,Not Submitted,Not Submitted,-
338,NTT DOCOMO,Japan,ASIA,-,2,Not Submitted,2013,Not Submitted,No Licence
561,SoftBank,Japan,ASIA,-,3,Not Submitted,2018,2018,No Licence
634,KDDI,Japan,ASIA,-,-,Not Submitted,Not Submitted,Not Submitted,-
1987,Nexnet (Motorola Solutions),Japan,ASIA,-,-,Not Submitted,No Licence,No Licence,-
2842,UQ Communications,Japan,ASIA,-,-,No Licence,No Licence,Not Submitted,No Licence
4683,Wireless City Planning,Japan,ASIA,-,-,No Licence,No Licence,Not Submitted,No Licence
234,JT,Jersey,EUROPE,-,4,2017,2017,2017,-
1817,Sure (Batelco),Jersey,EUROPE,-,1,Not Submitted,Not Submitted,2017,-
1818,Airtel-Vodafone (Bharti),Jersey,EUROPE,-,3,2013,2013,Not Submitted,-
3185,Clear Mobitel,Jersey,EUROPE,-,-,No Licence,No Licence,Not Submitted,-
3743,Marathon Telecom,Jersey,EUROPE,-,-,No Licence,Not Submitted,No Licence,-
237,Zain,Jordan,ASIA,-,1,2012,2012,Not Submitted,-
646,Orange (Jordan Telecom),Jordan,ASIA,-,1,2005,Not Submitted,Not Submitted,-
959,Umniah (Batelco),Jordan,ASIA,-,1,2006,Not Submitted,Not Submitted,-
243,Beeline (VEON),Kazakhstan,ASIA,-,-,Not Submitted,Not Submitted,Not Submitted,-
645,Kcell (Kazakhtelecom),Kazakhstan,ASIA,-,2,2011,Not Submitted,Not Submitted,-
1389,Tele2 / ALTEL,Kazakhstan,ASIA,-,1,2013,Not Submitted,Not Submitted,-
246,Airtel (Airtel Africa),Kenya,AFRICA,-,2,2014,2014,Not Submitted,-
409,Safaricom,Kenya,AFRICA,-,-,Not Submitted,Not Submitted,Not Submitted,-
1480,Telkom Kenya,Kenya,AFRICA,-,1,2013,2013,Not Submitted,No Licence
3819,Echotel International Proprietary,Kenya,AFRICA,-,-,No Licence,No Licence,Not Submitted,-
6658,Faiba (Jamii Telecom),Kenya,AFRICA,-,-,No Licence,No Licence,Not Submitted,-
490,Vodafone (ATH),Kiribati,OCEANIA,-,-,Not Submitted,Not Submitted,Not Submitted,-
1989,IPKO (Telekom Slovenije),Kosovo,EUROPE,-,-,Not Submitted,Not Submitted,Not Submitted,-
1990,Vala (Kosovo Telecom),Kosovo,EUROPE,-,1,2013,Not Submitted,Not Submitted,-
6580,mts (Telekom Srbija),Kosovo,EUROPE,-,-,Not Submitted,Not Submitted,Not Submitted,-
293,Zain,Kuwait,ASIA,-,6,2020,2020,2020,-
324,Ooredoo (NMTC),Kuwait,ASIA,-,1,Not Submitted,2017,2017,-
1991,STC,Kuwait,ASIA,-,-,Not Submitted,Not Submitted,Not Submitted,-
48,Beeline (VEON),Kyrgyzstan,ASIA,-,1,2004,Not Submitted,Not Submitted,-
1038,Mega (Alfa Telecom),Kyrgyzstan,ASIA,-,2,2017,2017,2017,-
1039,Sapatcom (Winline),Kyrgyzstan,ASIA,-,-,Not Submitted,No Licence,No Licence,-
1899,O! (NurTelecom),Kyrgyzstan,ASIA,-,1,2011,Not Submitted,Not Submitted,-
5143,Saima Telecom,Kyrgyzstan,ASIA,-,-,No Licence,No Licence,Not Submitted,-
5307,Kyrgyz Mobile,Kyrgyzstan,ASIA,-,-,Not Submitted,Not Submitted,No Licence,-
256,M-Phone (Lao Telecom),"Lao, People's Democratic Republic",ASIA,-,1,2013,Not Submitted,Not Submitted,No Licence
283,TPLUS,"Lao, People's Democratic Republic",ASIA,-,2,2013,2013,Not Submitted,-
831,ETL,"Lao, People's Democratic Republic",ASIA,-,4,2019,2019,2019,No Licence
1894,Unitel (Star Telecom),"Lao, People's Democratic Republic",ASIA,-,1,2015,2015,Not Submitted,-
5253,Sky Telecom,"Lao, People's Democratic Republic",ASIA,-,-,No Licence,Not Submitted,No Licence,No Licence
257,LMT (Telia),Latvia,EUROPE,-,4,2016,2016,2016,-
479,Tele2,Latvia,EUROPE,-,2,2012,2012,Not Submitted,-
1043,Bite (Providence),Latvia,EUROPE,-,2,2014,2014,Not Submitted,-
1819,Triatel,Latvia,EUROPE,-,-,Not Submitted,Not Submitted,Not Submitted,-
187,Alfa,Lebanon,ASIA,-,3,2019,2019,2019,No Licence
314,Touch,Lebanon,ASIA,-,2,2020,2020,2020,No Licence
1992,Ogero Telecom,Lebanon,ASIA,-,-,Not Submitted,No Licence,No Licence,-
157,Econet Telecom Lesotho,Lesotho,AFRICA,-,1,2017,Not Submitted,Not Submitted,No Licence
552,Vodacom,Lesotho,AFRICA,-,3,2014,2014,Not Submitted,-
76,Orange,Liberia,AFRICA,-,3,2017,2017,2017,-
114,NOVAFONE,Liberia,AFRICA,-,1,2013,2013,No Licence,No Licence
264,LonestarCell MTN,Liberia,AFRICA,-,3,2018,2018,2018,-
3950,LTC Mobile,Liberia,AFRICA,-,-,Not Submitted,No Licence,No Licence,-
160,Almadar Aljadeed,Libya,AFRICA,-,1,2010,Not Submitted,Not Submitted,-
954,Libyana,Libya,AFRICA,-,5,2019,2019,2019,-
4165,LibyaPhone Mobile (Libya Telecom & Technology),Libya,AFRICA,-,-,Not Submitted,Not Submitted,No Licence,-
299,FL1 (Telecom Liechtenstein),Liechtenstein,EUROPE,-,2,2017,2017,2017,-
357,7acht (Salt),Liechtenstein,EUROPE,-,2,2011,2011,Not Submitted,-
458,Swisscom,Liechtenstein,EUROPE,-,1,2006,Not Submitted,Not Submitted,-
352,Telia,Lithuania,EUROPE,-,-,Not Submitted,Not Submitted,Not Submitted,-
535,Bite (Providence),Lithuania,EUROPE,-,2,2014,2014,Not Submitted,-
536,Tele2,Lithuania,EUROPE,-,1,2011,Not Submitted,Not Submitted,-
4500,MEZON (LRTC),Lithuania,EUROPE,-,-,No Licence,No Licence,Not Submitted,-
471,Proximus,Luxembourg,EUROPE,-,1,2011,2011,Not Submitted,-
572,Orange,Luxembourg,EUROPE,-,1,2007,2007,Not Submitted,-
833,POST Luxembourg,Luxembourg,EUROPE,-,5,2019,2019,2019,-
1993,LOL Mobile (Luxembourg Online),Luxembourg,EUROPE,-,-,Not Submitted,Not Submitted,No Licence,-
5661,JOIN Experience (JOIN Wireless / POST),Luxembourg,EUROPE,-,-,No Licence,No Licence,Not Submitted,-
6210,MTX Connect,Luxembourg,EUROPE,-,-,No Licence,No Licence,Not Submitted,-
730,CTM (CITIC Telecom),"Macao, SAR China",ASIA,-,2,2013,2013,Not Submitted,No Licence
732,SmarTone,"Macao, SAR China",ASIA,-,-,Not Submitted,Not Submitted,Not Submitted,No Licence
854,3 (CK Hutchison),"Macao, SAR China",ASIA,-,1,Not Submitted,2013,Not Submitted,No Licence
1124,China Telecom,"Macao, SAR China",ASIA,-,-,Not Submitted,Not Submitted,Not Submitted,No Licence
266,Airtel (Airtel Africa),Madagascar,AFRICA,-,2,2014,2014,Not Submitted,-
365,Orange,Madagascar,AFRICA,-,-,Not Submitted,Not Submitted,Not Submitted,-
1820,Telma,Madagascar,AFRICA,-,-,Not Submitted,Not Submitted,Not Submitted,-
5919,Blueline (Gulfsat Madagascar),Madagascar,AFRICA,-,-,No Licence,No Licence,Not Submitted,No Licence
6297,Blueline (BIP),Madagascar,AFRICA,-,-,No Licence,No Licence,Not Submitted,No Licence
91,Airtel (Airtel Africa),Malawi,AFRICA,-,2,2014,2014,Not Submitted,-
501,TNM,Malawi,AFRICA,-,3,2019,2019,2019,-
6124,Access Communications,Malawi,AFRICA,-,-,No Licence,No Licence,Not Submitted,-
6546,Globe Internet,Malawi,AFRICA,-,-,No Licence,No Licence,Not Submitted,-
75,Celcom (Axiata),Malaysia,ASIA,-,5,2017,2017,2018,-
140,DiGi,Malaysia,ASIA,-,3,2016,2016,2016,-
273,Maxis,Malaysia,ASIA,-,3,2011,2011,Not Submitted,No Licence
1645,REDtone,Malaysia,ASIA,-,-,No Licence,No Licence,Not Submitted,-
1647,U Mobile,Malaysia,ASIA,-,2,No Licence,2018,2018,-
2843,unifi (Telekom Malaysia),Malaysia,ASIA,-,-,No Licence,No Licence,Not Submitted,-
3712,Yes (YTL Communications),Malaysia,ASIA,-,-,No Licence,No Licence,Not Submitted,-
3769,amax (Asiaspace),Malaysia,ASIA,-,-,No Licence,No Licence,Not Submitted,-
4499,Electcoms,Malaysia,ASIA,-,-,Not Submitted,No Licence,No Licence,-
4889,ALTEL (Puncak Semangat),Malaysia,ASIA,-,-,No Licence,No Licence,Not Submitted,-
5577,TMgo (Telekom Malaysia),Malaysia,ASIA,-,-,No Licence,No Licence,Not Submitted,-
139,Dhiraagu (Batelco),Maldives,ASIA,-,3,2017,2017,2017,-
946,Ooredoo (NMTC),Maldives,ASIA,-,1,2013,2013,Not Submitted,-
224,Orange (Sonatel),Mali,AFRICA,-,1,2004,Not Submitted,Not Submitted,-
268,Moov Africa (Maroc Telecom),Mali,AFRICA,-,-,Not Submitted,No Licence,No Licence,No Licence
5338,Telecel (Atel),Mali,AFRICA,-,-,Not Submitted,Not Submitted,No Licence,-
564,epic,Malta,EUROPE,-,3,2011,2011,2017,-
1792,Go (Tunisie Telecom),Malta,EUROPE,-,3,2016,2016,2016,-
1997,Melita,Malta,EUROPE,-,-,No Licence,Not Submitted,No Licence,-
735,NTA,"Marshall Islands, Republic of",OCEANIA,-,-,Not Submitted,No Licence,Not Submitted,-
360,Orange,Martinique,N AMERICA,-,1,2006,No Licence,Not Submitted,No Licence
821,Digicel,Martinique,N AMERICA,-,2,2019,2019,2019,-
1840,SFR (Outremer Telecom),Martinique,N AMERICA,-,1,2018,2018,2018,-
6453,Free Mobile (Iliad),Martinique,N AMERICA,-,-,No Licence,No Licence,Not Submitted,-
272,Moov Mauritel (Maroc Telecom),Mauritania,AFRICA,-,1,2015,Not Submitted,No Licence,No Licence
736,Mattel (Tunisie Telecom),Mauritania,AFRICA,-,-,Not Submitted,Not Submitted,No Licence,-
1787,Chinguitel (Sudatel),Mauritania,AFRICA,-,-,Not Submitted,Not Submitted,No Licence,-
79,my.t (Mauritius Telecom),Mauritius,AFRICA,-,2,2018,2018,2018,No Licence
165,Emtel (Currimjee),Mauritius,AFRICA,-,2,2016,2016,2016,No Licence
1889,CHILI (MTML),Mauritius,AFRICA,-,-,Not Submitted,Not Submitted,Not Submitted,-
737,SFR (Altice Europe),Mayotte,AFRICA,-,-,Not Submitted,Not Submitted,Not Submitted,-
1867,Orange,Mayotte,AFRICA,-,-,Not Submitted,No Licence,Not Submitted,-
1890,Only (Axian / Iliad),Mayotte,AFRICA,-,1,2012,Not Submitted,Not Submitted,-
6380,Maore Mobile (BJT Partners),Mayotte,AFRICA,-,-,Not Submitted,No Licence,Not Submitted,-
402,Telcel (America Movil),Mexico,N AMERICA,-,6,2019,2019,2019,-
611,Movistar (Telefonica) (MNO: AT&T),Mexico,N AMERICA,-,2,2016,2016,2016,No Licence
644,AT&T,Mexico,N AMERICA,-,1,2011,2011,Not Submitted,No Licence
6596,Ultravision,Mexico,N AMERICA,-,-,No Licence,No Licence,Not Submitted,-
310,Moldcell,"Moldova, Republic of",EUROPE,-,2,2012,Not Submitted,Not Submitted,-
573,Orange,"Moldova, Republic of",EUROPE,-,1,2012,Not Submitted,Not Submitted,-
843,IDC (Interdnestrkom); Transnistria,"Moldova, Republic of",EUROPE,-,1,Not Submitted,2019,2019,-
1821,Unite (Moldtelecom),"Moldova, Republic of",EUROPE,-,4,Not Submitted,2017,2017,-
311,Monaco Telecom (NJJ),Monaco,EUROPE,-,1,2013,Not Submitted,Not Submitted,-
286,MobiCom,Mongolia,ASIA,-,2,2004,2009,Not Submitted,-
856,SKYtel,Mongolia,ASIA,-,-,Not Submitted,Not Submitted,Not Submitted,-
862,GMobile,Mongolia,ASIA,-,-,Not Submitted,Not Submitted,No Licence,-
1103,Unitel,Mongolia,ASIA,-,2,2011,2011,Not Submitted,-
5762,Telecom Mongolia,Mongolia,ASIA,-,-,No Licence,No Licence,Not Submitted,-
312,Crnogorski Telekom,Montenegro,EUROPE,-,3,2018,2018,2018,-
392,one (antenna Hungaria),Montenegro,EUROPE,-,2,2013,2013,2013,-
1430,m:tel (Telekom Srbija),Montenegro,EUROPE,-,4,2019,2019,2019,No Licence
5230,Montenegro Connect (VelaTel),Montenegro,EUROPE,-,-,No Licence,No Licence,Not Submitted,No Licence
66,Flow (Liberty Latin America),Montserrat,N AMERICA,-,1,2004,Not Submitted,No Licence,-
6108,Digicel,Montserrat,N AMERICA,-,2,No Licence,2019,2019,-
600,Maroc Telecom (e&),Morocco,AFRICA,-,1,2004,Not Submitted,Not Submitted,-
612,Orange,Morocco,AFRICA,-,-,Not Submitted,Not Submitted,Not Submitted,-
1265,inwi (Wana),Morocco,AFRICA,-,1,2011,Not Submitted,Not Submitted,-
309,Tmcel,Mozambique,AFRICA,-,2,2013,Not Submitted,No Licence,-
549,Vodacom,Mozambique,AFRICA,-,3,2019,2019,2019,No Licence
3958,Movitel (Viettel),Mozambique,AFRICA,-,-,Not Submitted,Not Submitted,No Licence,-
323,MPT,Myanmar,ASIA,-,-,Not Submitted,Not Submitted,Not Submitted,-
5575,Ooredoo,Myanmar,ASIA,-,1,No Licence,2019,2019,-
5576,ATOM,Myanmar,ASIA,-,-,Not Submitted,Not Submitted,Not Submitted,-
5647,MyTel,Myanmar,ASIA,-,1,2020,No Licence,2020,-
6819,5BB (GlobalNet),Myanmar,ASIA,-,-,No Licence,No Licence,Not Submitted,-
315,MTC,Namibia,AFRICA,-,3,2018,2018,2018,-
1822,TN Mobile (Telecom Namibia),Namibia,AFRICA,-,-,Not Submitted,Not Submitted,Not Submitted,-
5376,Paratus Telecom,Namibia,AFRICA,-,-,No Licence,No Licence,Not Submitted,-
2070,Digicel (Telstra),Nauru,OCEANIA,-,-,Not Submitted,Not Submitted,Not Submitted,-
327,Nepal Telecom,Nepal,ASIA,-,1,2017,2017,2017,-
788,Ncell Axiata,Nepal,ASIA,-,2,2012,Not Submitted,Not Submitted,-
2720,Hello Nepal (Nepal Satellite Telecom),Nepal,ASIA,-,1,2013,No Licence,No Licence,-
4439,Smart Cell (Smart Telecom),Nepal,ASIA,-,-,Not Submitted,No Licence,Not Submitted,-
5659,United Telecom,Nepal,ASIA,-,-,Not Submitted,Not Submitted,No Licence,-
252,KPN,Netherlands,EUROPE,-,5,2016,2016,2016,No Licence
465,Odido,Netherlands,EUROPE,-,2,2011,2011,Not Submitted,No Licence
562,VodafoneZiggo (Liberty Global / Vodafone),Netherlands,EUROPE,-,4,2018,2018,2018,-
354,OPT,New Caledonia,OCEANIA,-,5,2018,2018,2018,-
565,Vodafone,New Zealand,OCEANIA,-,2,2006,2006,Not Submitted,-
608,Spark,New Zealand,OCEANIA,-,5,2011,2019,2019,-
995,2degrees,New Zealand,OCEANIA,-,1,Not Submitted,2018,2018,-
163,Claro (America Movil),Nicaragua,N AMERICA,-,3,2013,2013,Not Submitted,-
777,Tigo (Millicom),Nicaragua,N AMERICA,-,2,2018,2018,2018,No Licence
5413,CooTel (Xinwei Telecom),Nicaragua,N AMERICA,-,-,No Licence,Not Submitted,No Licence,No Licence
5915,IBW,Nicaragua,N AMERICA,-,-,No Licence,No Licence,Not Submitted,No Licence
92,Airtel (Airtel Africa),Niger,AFRICA,-,2,2014,2014,No Licence,-
410,Niger Telecoms,Niger,AFRICA,-,-,Not Submitted,No Licence,No Licence,No Licence
482,Moov (Maroc Telecom),Niger,AFRICA,-,-,Not Submitted,Not Submitted,No Licence,No Licence
1810,Zamani Telecom (Zamanicom),Niger,AFRICA,-,1,Not Submitted,2013,No Licence,-
192,Glo Mobile (Globacom),Nigeria,AFRICA,-,1,2012,2012,Not Submitted,-
320,MTN,Nigeria,AFRICA,-,3,2016,2016,2016,-
334,ntel (NatCom),Nigeria,AFRICA,-,1,Not Submitted,No Licence,2018,No Licence
681,Airtel (Airtel Africa),Nigeria,AFRICA,-,1,2014,2014,Not Submitted,-
1872,9mobile (Teleology),Nigeria,AFRICA,-,1,2018,2018,2018,-
2000,GiCell Wireless,Nigeria,AFRICA,-,-,No Licence,Not Submitted,No Licence,-
2001,MegaTech Networks,Nigeria,AFRICA,-,-,No Licence,Not Submitted,No Licence,-
2087,InterC Network,Nigeria,AFRICA,-,-,No Licence,No Licence,Not Submitted,-
2088,O-Mobile (Prestel),Nigeria,AFRICA,-,-,No Licence,Not Submitted,No Licence,-
3947,Mobitel,Nigeria,AFRICA,-,-,No Licence,No Licence,Not Submitted,-
4720,Spectranet,Nigeria,AFRICA,-,-,No Licence,No Licence,Not Submitted,-
4935,Zoda Fones,Nigeria,AFRICA,-,-,No Licence,No Licence,Not Submitted,-
5363,Smile,Nigeria,AFRICA,-,-,No Licence,No Licence,Not Submitted,-
5558,Swift Networks,Nigeria,AFRICA,-,-,No Licence,No Licence,Not Submitted,-
5764,Bitflux,Nigeria,AFRICA,-,-,No Licence,No Licence,Not Submitted,-
5833,Tazca Connects,Nigeria,AFRICA,-,-,No Licence,No Licence,Not Submitted,-
5907,AG Placid,Nigeria,AFRICA,-,-,No Licence,No Licence,Not Submitted,-
6518,Cyberspace,Nigeria,AFRICA,-,-,No Licence,No Licence,Not Submitted,-
781,Telecom Niue,Niue Island,OCEANIA,-,-,Not Submitted,No Licence,No Licence,-
2002,Norfolk Island Telecom,Norfolk Island,OCEANIA,-,-,Not Submitted,No Licence,No Licence,-
1927,Koryolink (OTMT),"Korea, Democratic People's Republic of",ASIA,-,-,No Licence,Not Submitted,No Licence,-
302,Makedonski Telekom,North Macedonia,EUROPE,-,5,2019,2019,2019,-
1445,A1 Macedonia,North Macedonia,EUROPE,-,2,2013,2013,Not Submitted,No Licence
744,DOCOMO PACIFIC (NTT DOCOMO),Northern Mariana Islands,OCEANIA,-,4,2019,2019,2019,-
745,IT&E (PTI),Northern Mariana Islands,OCEANIA,-,-,Not Submitted,Not Submitted,Not Submitted,-
748,iConnect,Northern Mariana Islands,OCEANIA,-,-,Not Submitted,Not Submitted,No Licence,No Licence
329,Telia,Norway,EUROPE,-,1,2006,2006,Not Submitted,-
505,Telenor,Norway,EUROPE,-,1,2006,2006,Not Submitted,-
1839,Ice,Norway,EUROPE,-,-,Not Submitted,Not Submitted,Not Submitted,-
746,Omantel,"Oman, Sultanate of",ASIA,-,3,2016,2016,2016,-
960,Ooredoo,"Oman, Sultanate of",ASIA,-,2,2013,2013,2013,-
297,Jazz (VEON),Pakistan,ASIA,-,-,Not Submitted,Not Submitted,Not Submitted,-
377,PTCL,Pakistan,ASIA,-,-,Not Submitted,Not Submitted,Not Submitted,No Licence
378,Zong (China Mobile),Pakistan,ASIA,-,-,Not Submitted,Not Submitted,Not Submitted,-
506,Telenor,Pakistan,ASIA,-,1,2012,Not Submitted,Not Submitted,-
3546,Special Communications Organization,Pakistan,ASIA,-,-,Not Submitted,No Licence,No Licence,-
4655,Wateen Telecom (Abu Dhabi),Pakistan,ASIA,-,-,No Licence,No Licence,Not Submitted,-
4656,wi-tribe,Pakistan,ASIA,-,-,No Licence,No Licence,Not Submitted,-
4891,Qubee (Augere),Pakistan,ASIA,-,-,No Licence,No Licence,Not Submitted,-
747,PalauCel (PNCC),"Palau, Republic of",ASIA,-,-,Not Submitted,Not Submitted,No Licence,-
64,Cable & Wireless,"Panama, Republic of",N AMERICA,-,2,2013,2013,Not Submitted,-
749,Tigo (Millicom),"Panama, Republic of",N AMERICA,-,4,2018,2018,2018,No Licence
1860,Digicel,"Panama, Republic of",N AMERICA,-,2,2015,2015,Not Submitted,-
1898,Claro,"Panama, Republic of",N AMERICA,-,1,2012,2012,Not Submitted,-
376,bmobile-Vodafone,Papua New Guinea,OCEANIA,-,1,2013,No Licence,No Licence,-
1128,Digicel (Telstra),Papua New Guinea,OCEANIA,-,2,2012,Not Submitted,Not Submitted,-
5598,Telikom,Papua New Guinea,OCEANIA,-,-,Not Submitted,Not Submitted,Not Submitted,No Licence
207,Vox (Hola),Paraguay,S AMERICA,-,1,2013,2013,2013,-
219,Claro (America Movil),Paraguay,S AMERICA,-,1,2005,Not Submitted,Not Submitted,-
339,Personal (Telecom Argentina),Paraguay,S AMERICA,-,2,2012,2012,Not Submitted,No Licence
820,Tigo (Millicom),Paraguay,S AMERICA,-,-,Not Submitted,Not Submitted,Not Submitted,-
521,Claro (America Movil),Peru,S AMERICA,-,1,2004,Not Submitted,Not Submitted,-
613,Movistar (Telefonica),Peru,S AMERICA,-,-,Not Submitted,Not Submitted,Not Submitted,-
971,Entel,Peru,S AMERICA,-,-,Not Submitted,Not Submitted,Not Submitted,No Licence
4144,Bitel (Viettel),Peru,S AMERICA,-,-,No Licence,Not Submitted,Not Submitted,-
5951,DIRECTV,Peru,S AMERICA,-,-,No Licence,No Licence,Not Submitted,-
193,Globe Telecom,Philippines,ASIA,-,1,2010,2010,Not Submitted,No Licence
433,Smart (PLDT),Philippines,ASIA,-,4,2019,2019,2019,-
1412,Net1 (Broadband Everywhere),Philippines,ASIA,-,-,No Licence,No Licence,Not Submitted,-
1835,ABS-CBN Convergence,Philippines,ASIA,-,-,Not Submitted,Not Submitted,No Licence,-
4661,BayanTel,Philippines,ASIA,-,-,No Licence,No Licence,Not Submitted,-
389,Plus (Cyfrowy Polsat),Poland,EUROPE,-,5,2018,2018,2018,-
390,T-Mobile (Deutsche Telekom),Poland,EUROPE,-,1,2006,2006,Not Submitted,-
398,Orange,Poland,EUROPE,-,5,2019,2019,2019,-
1049,Play (Iliad),Poland,EUROPE,-,5,2013,2012,2013,-
3733,Mobyland (Midas),Poland,EUROPE,-,-,No Licence,No Licence,Not Submitted,-
5213,NetMaks (Milmex),Poland,EUROPE,-,-,No Licence,No Licence,Not Submitted,-
355,NOS,Portugal,EUROPE,-,2,2014,2014,2014,-
523,MEO (Altice Europe),Portugal,EUROPE,-,2,2011,2011,Not Submitted,-
568,Vodafone,Portugal,EUROPE,-,3,2017,2017,2017,-
2007,Rede Nacional de Telecomunicacoes,Portugal,EUROPE,-,-,No Licence,Not Submitted,No Licence,-
814,Liberty,Puerto Rico,N AMERICA,-,-,Not Submitted,Not Submitted,Not Submitted,-
815,Open Mobile/T-Mobile,Puerto Rico,N AMERICA,-,-,Not Submitted,Not Submitted,Not Submitted,-
816,Sprint (SoftBank),Puerto Rico,N AMERICA,-,-,Not Submitted,Not Submitted,Not Submitted,-
817,Claro (America Movil),Puerto Rico,N AMERICA,-,1,2011,2011,Not Submitted,-
943,T-Mobile (Deutsche Telekom),Puerto Rico,N AMERICA,-,-,Not Submitted,Not Submitted,Not Submitted,-
1849,Proxtel Wireless (North Sight Comms),Puerto Rico,N AMERICA,-,-,Not Submitted,No Licence,No Licence,-
5353,AeroNet,Puerto Rico,N AMERICA,-,-,No Licence,No Licence,Not Submitted,-
605,Ooredoo,Qatar,ASIA,-,4,2019,2019,2019,2019
1274,Vodafone,Qatar,ASIA,-,2,2017,2017,2017,-
368,Orange,"Réunion, La",AFRICA,-,2,2012,2012,Not Submitted,No Licence
751,SFR (Altice Europe),"Réunion, La",AFRICA,-,2,2012,Not Submitted,Not Submitted,-
791,free (Axian / Iliad),"Réunion, La",AFRICA,-,2,2018,2018,Not Submitted,-
6458,ZEOP Mobile,"Réunion, La",AFRICA,-,-,No Licence,No Licence,Not Submitted,-
127,Telekom Romania (OTE),Romania,EUROPE,-,3,2019,2019,2019,No Licence
289,Vodafone,Romania,EUROPE,-,4,2012,2012,2016,-
369,Orange,Romania,EUROPE,-,5,2012,2019,2019,No Licence
1132,Digi Mobil (RCS & RDS),Romania,EUROPE,-,1,No Licence,2013,Not Submitted,-
262,MOTIV,Russia,ASIA,-,1,2009,No Licence,Not Submitted,No Licence
276,MegaFon,Russia,ASIA,-,9,2019,2019,2019,-
295,MTS (Sistema),Russia,ASIA,-,9,2019,2019,2019,-
618,Beeline (VEON),Russia,ASIA,-,2,2015,2015,2015,No Licence
875,Tele2 (Rostelecom),Russia,ASIA,-,-,Not Submitted,Not Submitted,Not Submitted,-
4026,Osnova Telekom (Voentelecom),Russia,ASIA,-,-,No Licence,No Licence,Not Submitted,-
4886,Vainakh Telecom,Russia,ASIA,-,-,Not Submitted,No Licence,Not Submitted,-
5137,Enforta (ER-Telecom),Russia,ASIA,-,-,No Licence,No Licence,Not Submitted,-
5212,Antares Telecom,Russia,ASIA,-,-,No Licence,No Licence,Not Submitted,-
5237,Smoltelekom,Russia,ASIA,-,-,No Licence,No Licence,Not Submitted,-
5251,OSS-Telecom,Russia,ASIA,-,-,Not Submitted,No Licence,No Licence,-
5596,Fly (Tattelecom),Russia,ASIA,-,-,Not Submitted,No Licence,Not Submitted,-
321,MTN,"Rwanda, Republic of",AFRICA,-,-,Not Submitted,Not Submitted,Not Submitted,-
2014,Tigo (Millicom),"Rwanda, Republic of",AFRICA,-,1,2010,2010,Not Submitted,-
4659,Airtel (Airtel Africa),"Rwanda, Republic of",AFRICA,-,1,2014,2014,Not Submitted,-
5815,kt Rwanda Networks,"Rwanda, Republic of",AFRICA,-,-,No Licence,No Licence,Not Submitted,-
6341,Vanu,"Rwanda, Republic of",AFRICA,-,1,2018,No Licence,No Licence,-
1207,Vodafone (ATH),Samoa,OCEANIA,-,-,Not Submitted,Not Submitted,Not Submitted,-
1209,Digicel (Telstra),Samoa,OCEANIA,-,1,2010,Not Submitted,Not Submitted,-
2026,Prima (San Marino Telecom),"San Marino, Republic of",EUROPE,-,3,2008,2010,No Licence,No Licence
6688,Telefonia Mobile Sammarinese (Telecom Italia),"San Marino, Republic of",EUROPE,-,-,No Licence,No Licence,Not Submitted,-
118,CST,São Tomé and Príncipe,AFRICA,-,1,2011,Not Submitted,No Licence,-
5477,Unitel,São Tomé and Príncipe,AFRICA,-,1,2019,2019,No Licence,-
412,STC,Saudi Arabia,ASIA,-,2,2016,2016,2016,-
684,Mobily (Etihad Etisalat),Saudi Arabia,ASIA,-,1,2013,2013,Not Submitted,-
1483,Zain,Saudi Arabia,ASIA,-,-,Not Submitted,Not Submitted,Not Submitted,No Licence
6660,GO Telecom (Etihad Atheeb Telecom),Saudi Arabia,ASIA,-,-,No Licence,No Licence,Not Submitted,-
755,Orange (Sonatel),Senegal,AFRICA,-,-,Not Submitted,Not Submitted,Not Submitted,-
756,free (SAGA),Senegal,AFRICA,-,1,Not Submitted,2015,Not Submitted,-
1888,Expresso (Sudatel),Senegal,AFRICA,-,-,Not Submitted,Not Submitted,Not Submitted,-
3540,Glo Mobile (Globacom),Senegal,AFRICA,-,-,Not Submitted,No Licence,No Licence,-
292,Yettel (PPF),Serbia,EUROPE,-,6,2016,2016,2016,-
502,mts (Telekom Srbija),Serbia,EUROPE,-,3,2017,2017,2017,-
1199,A1,Serbia,EUROPE,-,3,2012,2012,Not Submitted,-
55,Cable & Wireless,Seychelles,AFRICA,-,1,2018,2018,2018,No Licence
485,Airtel (Airtel Africa),Seychelles,AFRICA,-,1,2015,2015,2015,-
86,Orange (Sonatel),Sierra Leone,AFRICA,-,2,2014,2014,No Licence,-
261,Africell (Lintel),Sierra Leone,AFRICA,-,4,2018,2018,No Licence,-
2028,Sierratel,Sierra Leone,AFRICA,-,-,Not Submitted,Not Submitted,No Licence,-
4213,Smart Mobile (Intergroup Telecom),Sierra Leone,AFRICA,-,-,Not Submitted,Not Submitted,No Licence,-
296,M1,Singapore,ASIA,-,5,2004,2019,2019,-
428,Singtel,Singapore,ASIA,-,1,2004,Not Submitted,Not Submitted,-
449,StarHub,Singapore,ASIA,-,2,2012,2018,2018,-
2029,Grid Communications,Singapore,ASIA,-,-,Not Submitted,No Licence,No Licence,-
6522,TPG SIMBA,Singapore,ASIA,-,-,No Licence,No Licence,Not Submitted,-
174,Slovak Telekom (Deutsche Telekom),Slovakia,EUROPE,-,5,2019,2019,2019,No Licence
370,Orange,Slovakia,EUROPE,-,2,2011,2011,Not Submitted,-
1134,O2 (PPF),Slovakia,EUROPE,-,3,2019,2019,2019,-
5411,Slovanet,Slovakia,EUROPE,-,-,No Licence,No Licence,Not Submitted,-
5722,4ka (SWAN Mobile),Slovakia,EUROPE,-,2,2018,No Licence,2018,-
6570,SWAN,Slovakia,EUROPE,-,-,No Licence,No Licence,Not Submitted,-
6803,Towercom,Slovakia,EUROPE,-,-,No Licence,No Licence,Not Submitted,-
6804,DSi DATA,Slovakia,EUROPE,-,-,No Licence,No Licence,Not Submitted,-
6805,HMZ Radio Communications,Slovakia,EUROPE,-,-,No Licence,No Licence,Not Submitted,-
6806,ORANET,Slovakia,EUROPE,-,-,No Licence,No Licence,Not Submitted,-
6807,Alternet,Slovakia,EUROPE,-,-,No Licence,No Licence,Not Submitted,-
6808,E-MAX INTERNET & IT,Slovakia,EUROPE,-,-,No Licence,No Licence,Not Submitted,-
6809,FIBRIS,Slovakia,EUROPE,-,-,No Licence,No Licence,Not Submitted,-
6810,OravaNet,Slovakia,EUROPE,-,-,No Licence,No Licence,Not Submitted,-
6811,PEGO,Slovakia,EUROPE,-,-,No Licence,No Licence,Not Submitted,-
6812,Prva Internetova (SLNET),Slovakia,EUROPE,-,-,No Licence,No Licence,Not Submitted,-
6813,RUPKKI,Slovakia,EUROPE,-,-,No Licence,No Licence,Not Submitted,-
6814,Wircom,Slovakia,EUROPE,-,-,No Licence,No Licence,Not Submitted,-
6815,AMTEL,Slovakia,EUROPE,-,-,No Licence,No Licence,Not Submitted,-
308,Telekom Slovenije,Slovenia,EUROPE,-,3,2017,2017,2017,-
423,A1 (A1 Telekom Austria),Slovenia,EUROPE,-,3,2016,2016,2016,-
1282,T-2,Slovenia,EUROPE,-,1,No Licence,2016,No Licence,-
1433,Telemach Mobil (United),Slovenia,EUROPE,-,4,2019,2019,2019,-
757,Our Telekom (Solomon Telekom),Solomon Islands,OCEANIA,-,-,Not Submitted,Not Submitted,Not Submitted,-
3045,bmobile-Vodafone,Solomon Islands,OCEANIA,-,-,Not Submitted,Not Submitted,No Licence,-
209,Hormuud Telecom,Somalia,AFRICA,-,1,2017,Not Submitted,Not Submitted,No Licence
325,NationLink Telecom,Somalia,AFRICA,-,-,Not Submitted,No Licence,No Licence,No Licence
439,Somafone,Somalia,AFRICA,-,-,Not Submitted,No Licence,No Licence,No Licence
508,Telesom; Somaliland,Somalia,AFRICA,-,-,Not Submitted,Not Submitted,Not Submitted,-
1886,Telcom,Somalia,AFRICA,-,-,Not Submitted,No Licence,No Licence,No Licence
1887,Golis Telecom,Somalia,AFRICA,-,-,Not Submitted,No Licence,No Licence,-
2031,Somtel; Somaliland,Somalia,AFRICA,-,1,2013,No Licence,Not Submitted,-
5370,Somnet Telecom,Somalia,AFRICA,-,-,No Licence,No Licence,Not Submitted,-
5785,Sahal Telecom (Glocall Telecoms),Somalia,AFRICA,-,-,No Licence,No Licence,Not Submitted,-
5846,SomCom Telecom,Somalia,AFRICA,-,-,Not Submitted,Not Submitted,Not Submitted,-
5906,Nordic,Somalia,AFRICA,-,-,No Licence,No Licence,Not Submitted,-
6191,SO! (Somcable); Somaliland,Somalia,AFRICA,-,-,No Licence,No Licence,Not Submitted,-
77,Cell C,South Africa,AFRICA,-,2,2009,2011,Not Submitted,-
317,MTN,South Africa,AFRICA,-,5,2016,2016,2016,-
551,Vodacom,South Africa,AFRICA,-,9,2019,2019,2019,-
1922,Telkom,South Africa,AFRICA,-,1,2012,2012,Not Submitted,-
3825,Rain,South Africa,AFRICA,-,-,No Licence,No Licence,Not Submitted,-
5132,Neotel (Liquid Telecom),South Africa,AFRICA,-,-,No Licence,No Licence,Not Submitted,-
6569,Afrihost,South Africa,AFRICA,-,-,No Licence,No Licence,Not Submitted,-
431,SK Telecom,"Korea, Republic of",ASIA,-,-,Not Submitted,Not Submitted,Not Submitted,-
636,LG Uplus,"Korea, Republic of",ASIA,-,-,Not Submitted,Not Submitted,Not Submitted,-
638,KT,"Korea, Republic of",ASIA,-,2,Not Submitted,2011,Not Submitted,No Licence
1988,KT Powertel,"Korea, Republic of",ASIA,-,-,Not Submitted,No Licence,No Licence,-
4475,MTN,South Sudan,AFRICA,-,-,Not Submitted,Not Submitted,No Licence,-
4682,Zain,South Sudan,AFRICA,-,-,Not Submitted,Not Submitted,No Licence,-
6753,Niletel,South Sudan,AFRICA,-,-,No Licence,No Licence,Not Submitted,-
404,Orange,Spain,EUROPE,-,2,2018,2018,2018,-
499,Movistar (Telefonica),Spain,EUROPE,-,1,2007,Not Submitted,Not Submitted,No Licence
557,Vodafone,Spain,EUROPE,-,1,Not Submitted,2009,Not Submitted,-
1147,Yoigo (Masmovil),Spain,EUROPE,-,-,Not Submitted,Not Submitted,Not Submitted,-
4901,Euskaltel,Spain,EUROPE,-,-,No Licence,No Licence,Not Submitted,-
5357,COTA,Spain,EUROPE,-,-,No Licence,No Licence,Not Submitted,No Licence
5754,NEO (Masmovil),Spain,EUROPE,-,-,No Licence,No Licence,Not Submitted,-
6195,ION Mobile (Aire Networks),Spain,EUROPE,-,-,No Licence,No Licence,Not Submitted,-
80,Etisalat,Sri Lanka,ASIA,-,5,2019,2019,Not Submitted,-
218,Hutch (CK Hutchison),Sri Lanka,ASIA,-,6,2019,2019,No Licence,-
307,Mobitel (Sri Lanka Telecom),Sri Lanka,ASIA,-,6,2019,2019,2019,-
319,Dialog (Axiata),Sri Lanka,ASIA,-,3,2018,2018,2018,-
1453,Airtel (Bharti Airtel),Sri Lanka,ASIA,-,-,Not Submitted,Not Submitted,No Licence,-
5636,Lanka Bell,Sri Lanka,ASIA,-,-,No Licence,No Licence,Not Submitted,-
5336,Sure (Batelco),"St Helena, Ascension and Tristan da Cunha",AFRICA,-,-,Not Submitted,No Licence,Not Submitted,-
65,Flow (Liberty Latin America),St Kitts and Nevis,N AMERICA,-,1,2011,Not Submitted,Not Submitted,-
583,Digicel,St Kitts and Nevis,N AMERICA,-,4,2019,2019,2019,-
1666,Lycamobile,St Kitts and Nevis,N AMERICA,-,-,Not Submitted,No Licence,No Licence,-
2019,Chippie (UTS),St Kitts and Nevis,N AMERICA,-,-,Not Submitted,No Licence,No Licence,-
59,Flow (Liberty Latin America),St Lucia,N AMERICA,-,-,Not Submitted,Not Submitted,Not Submitted,-
142,Digicel,St Lucia,N AMERICA,-,4,2019,2019,2019,No Licence
2081,Lycamobile,St Lucia,N AMERICA,-,-,Not Submitted,No Licence,No Licence,-
475,TelCell (Telem),St Maarten,N AMERICA,-,-,Not Submitted,No Licence,Not Submitted,-
4412,Chippie (Liberty Latin America),St Maarten,N AMERICA,-,-,Not Submitted,Not Submitted,Not Submitted,-
2025,SPM Telecom (Orange),St Pierre and Miquelon,N AMERICA,-,2,2017,No Licence,No Licence,No Licence
58,Flow (Liberty Latin America),St Vincent and the Grenadines,N AMERICA,-,-,Not Submitted,Not Submitted,No Licence,-
143,Digicel,St Vincent and the Grenadines,N AMERICA,-,3,2019,2019,No Licence,No Licence
2082,Lycamobile,St Vincent and the Grenadines,N AMERICA,-,-,Not Submitted,No Licence,No Licence,-
2015,Dauphin Telecom,St-Barthélemy,N AMERICA,-,1,2011,No Licence,Not Submitted,No Licence
2016,Chippie (Liberty Latin America),St-Barthélemy,N AMERICA,-,-,Not Submitted,No Licence,Not Submitted,-
2018,Orange,St-Barthélemy,N AMERICA,-,1,2006,Not Submitted,Not Submitted,-
6454,Free Mobile (Iliad),St-Barthélemy,N AMERICA,-,-,No Licence,No Licence,Not Submitted,-
6460,Digicel,St-Barthélemy,N AMERICA,-,2,2019,2019,2019,-
2020,Dauphin Telecom,St-Martin,N AMERICA,-,-,Not Submitted,No Licence,Not Submitted,-
2021,Chippie (Liberty Latin America),St-Martin,N AMERICA,-,-,Not Submitted,Not Submitted,Not Submitted,-
2023,Orange,St-Martin,N AMERICA,-,1,2006,No Licence,Not Submitted,-
6455,Free Mobile (Iliad),St-Martin,N AMERICA,-,-,No Licence,No Licence,Not Submitted,-
6461,Digicel,St-Martin,N AMERICA,-,2,2019,2019,2019,-
37,MTN,Sudan,AFRICA,-,3,2014,2006,No Licence,-
306,Zain,Sudan,AFRICA,-,2,2013,2013,Not Submitted,-
1420,Sudani (Sudatel),Sudan,AFRICA,-,-,Not Submitted,Not Submitted,Not Submitted,-
509,Telesur,Suriname,S AMERICA,-,2,2013,2013,Not Submitted,-
1472,Digicel,Suriname,S AMERICA,-,4,2019,2019,No Licence,-
202,3 (CK Hutchison),Sweden,EUROPE,-,2,No Licence,2012,Not Submitted,No Licence
476,Tele2,Sweden,EUROPE,-,1,2014,2014,2014,No Licence
513,Telia,Sweden,EUROPE,-,2,2013,2013,2013,-
569,Telenor,Sweden,EUROPE,-,3,2011,2011,2014,-
1843,Teracom Mobil (Teracom),Sweden,EUROPE,-,-,No Licence,Not Submitted,Not Submitted,-
362,Salt (NJJ),Switzerland,EUROPE,-,3,2014,2014,2014,-
457,Swisscom,Switzerland,EUROPE,-,11,2019,2019,2019,-
474,Sunrise (Liberty Global),Switzerland,EUROPE,-,3,2011,2011,Not Submitted,-
445,MTN,Syria,ASIA,-,1,2008,Not Submitted,No Licence,-
459,Syriatel,Syria,ASIA,-,1,2004,Not Submitted,No Licence,No Licence
105,Chunghwa Telecom,"Taiwan, Province of China",ASIA,-,5,2012,2017,2017,-
180,Far EasTone,"Taiwan, Province of China",ASIA,-,4,2011,2017,2017,-
469,Taiwan Mobile,"Taiwan, Province of China",ASIA,-,3,2015,2015,2015,No Licence
545,Taiwan Star Telecom,"Taiwan, Province of China",ASIA,-,2,No Licence,2018,2018,-
836,Asia Pacific Telecom,"Taiwan, Province of China",ASIA,-,-,Not Submitted,Not Submitted,Not Submitted,-
3109,G1 (Global Mobile),"Taiwan, Province of China",ASIA,-,-,No Licence,No Licence,Not Submitted,-
238,Babilon-Mobile,Tajikistan,ASIA,-,5,2015,2015,2015,No Licence
241,Tcell,Tajikistan,ASIA,-,-,Not Submitted,Not Submitted,Not Submitted,No Licence
470,ZET Mobile,Tajikistan,ASIA,-,3,2015,2015,No Licence,-
761,MegaFon,Tajikistan,ASIA,-,1,2012,2012,Not Submitted,-
1042,Tajiktelecom,Tajikistan,ASIA,-,-,Not Submitted,No Licence,No Licence,-
1877,SkyTel,Tajikistan,ASIA,-,-,Not Submitted,No Licence,No Licence,-
93,Airtel (Airtel Africa),Tanzania,AFRICA,-,4,2019,2019,No Licence,No Licence
279,Tigo (AXIAN),Tanzania,AFRICA,-,2,2013,Not Submitted,Not Submitted,-
553,Vodacom,Tanzania,AFRICA,-,1,2008,Not Submitted,Not Submitted,-
591,Zantel (AXIAN),Tanzania,AFRICA,-,2,2017,2017,2017,-
1828,MyCell,Tanzania,AFRICA,-,-,Not Submitted,No Licence,No Licence,-
1829,TTCL,Tanzania,AFRICA,-,-,No Licence,Not Submitted,Not Submitted,-
2034,EGOTEL (Epocha & Golden Ocean),Tanzania,AFRICA,-,-,Not Submitted,No Licence,No Licence,-
2035,HITS Telecom (ExcellentCom),Tanzania,AFRICA,-,-,Not Submitted,No Licence,No Licence,-
3194,Smile,Tanzania,AFRICA,-,-,No Licence,No Licence,Not Submitted,-
5364,Telesis,Tanzania,AFRICA,-,-,No Licence,No Licence,Not Submitted,-
5809,Smart,Tanzania,AFRICA,-,-,Not Submitted,Not Submitted,Not Submitted,-
5929,Halotel (Viettel),Tanzania,AFRICA,-,-,Not Submitted,Not Submitted,No Licence,-
4,TOT,Thailand,ASIA,-,-,Not Submitted,Not Submitted,Not Submitted,No Licence
5,AIS,Thailand,ASIA,-,3,2015,2017,2017,No Licence
467,TrueMove H (True Corporation),Thailand,ASIA,-,3,2020,2020,2020,-
529,dtac (Telenor),Thailand,ASIA,-,3,2010,2016,2016,-
1851,National Telecom,Thailand,ASIA,-,-,Not Submitted,Not Submitted,Not Submitted,-
4344,WE PCT (Asia Wireless Communication),Thailand,ASIA,-,-,Not Submitted,No Licence,No Licence,-
5465,AIS,Thailand,ASIA,-,1,No Licence,2015,No Licence,-
518,BTC,Bahamas,N AMERICA,-,1,2014,2014,Not Submitted,-
6154,ALIV,Bahamas,N AMERICA,-,-,No Licence,Not Submitted,Not Submitted,-
8,Africell (Lintel),Gambia,AFRICA,-,2,2011,Not Submitted,No Licence,-
188,Gamcel (Gamtel),Gambia,AFRICA,-,1,2017,2017,Not Submitted,No Licence
1113,Comium,Gambia,AFRICA,-,1,2013,No Licence,No Licence,-
1969,QCell,Gambia,AFRICA,-,1,Not Submitted,2011,Not Submitted,-
5147,Netpage,Gambia,AFRICA,-,-,No Licence,No Licence,Not Submitted,-
483,Moov Africa (Maroc Telecom),Togo,AFRICA,-,-,Not Submitted,Not Submitted,No Licence,-
526,Togocom,Togo,AFRICA,-,-,Not Submitted,Not Submitted,No Licence,-
7109,TEOLIS,Togo,AFRICA,-,-,No Licence,No Licence,Not Submitted,-
6549,Teletok,Tokelau,OCEANIA,-,-,No Licence,No Licence,Not Submitted,-
685,U-Call (Tonga Telecom),Tonga,OCEANIA,-,-,Not Submitted,Not Submitted,Not Submitted,-
860,Digicel (Telstra),Tonga,OCEANIA,-,1,2011,Not Submitted,No Licence,-
493,bmobile (TSTT),Trinidad and Tobago,N AMERICA,-,-,Not Submitted,Not Submitted,Not Submitted,No Licence
1046,Digicel,Trinidad and Tobago,N AMERICA,-,5,2019,2019,2019,-
373,Ooredoo (NMTC),Tunisia,AFRICA,-,4,2019,2019,2019,-
533,Tunisie Telecom,Tunisia,AFRICA,-,1,2004,Not Submitted,Not Submitted,-
2069,Orange,Tunisia,AFRICA,-,1,2012,2012,Not Submitted,-
514,Vodafone,Turkey,ASIA,-,2,2011,Not Submitted,Not Submitted,-
532,Turk Telekom,Turkey,ASIA,-,4,2014,2014,Not Submitted,-
534,Turkcell,Turkey,ASIA,-,2,2017,2017,Not Submitted,-
450,TMCELL (Altyn Asyr),Turkmenistan,ASIA,-,-,Not Submitted,No Licence,Not Submitted,-
67,Flow (Liberty Latin America),Turks and Caicos Islands,N AMERICA,-,1,2004,Not Submitted,Not Submitted,-
1037,Digicel,Turks and Caicos Islands,N AMERICA,-,2,2015,2015,2015,-
4152,Tuvalu Telecommunication Corporation (TTC),Tuvalu,OCEANIA,-,-,Not Submitted,No Licence,Not Submitted,-
85,Airtel (Airtel Africa),Uganda,AFRICA,-,2,2014,2014,Not Submitted,-
322,MTN,Uganda,AFRICA,-,3,2013,2013,Not Submitted,-
537,Uganda Telecommunications Corporation (UTCL),Uganda,AFRICA,-,-,Not Submitted,Not Submitted,Not Submitted,-
1402,Africell (Lintel),Uganda,AFRICA,-,2,2019,2019,2019,No Licence
1427,Reliance,Uganda,AFRICA,-,-,Not Submitted,No Licence,No Licence,-
2039,i-Tel,Uganda,AFRICA,-,-,Not Submitted,Not Submitted,No Licence,-
4214,Smart,Uganda,AFRICA,-,2,2016,2016,No Licence,-
5361,Smile,Uganda,AFRICA,-,-,No Licence,No Licence,Not Submitted,-
5960,Vodafone (Afrimax),Uganda,AFRICA,-,-,Not Submitted,Not Submitted,Not Submitted,-
28,lifecell (Turkcell),Ukraine,EUROPE,-,3,2012,2018,2018,-
255,Kyivstar (VEON),Ukraine,EUROPE,-,2,2011,Not Submitted,Not Submitted,-
538,Vodafone (NEQSOL),Ukraine,EUROPE,-,2,2011,Not Submitted,Not Submitted,No Licence
1203,TriMob (Ukrtelecom),Ukraine,EUROPE,-,2,No Licence,2015,No Licence,No Licence
1422,PEOPLEnet,Ukraine,EUROPE,-,-,Not Submitted,Not Submitted,No Licence,-
1830,Intertelecom,Ukraine,EUROPE,-,-,Not Submitted,Not Submitted,No Licence,-
3751,Giraffe (Intellecom),Ukraine,EUROPE,-,-,No Licence,No Licence,Not Submitted,No Licence
5837,Tele2; Crimea,Ukraine,EUROPE,-,-,No Licence,No Licence,Not Submitted,No Licence
5870,WIN Mobile (K-2 Telecom); Crimea,Ukraine,EUROPE,-,-,Not Submitted,Not Submitted,Not Submitted,No Licence
5872,Beeline (VEON); Crimea,Ukraine,EUROPE,-,-,Not Submitted,No Licence,No Licence,-
6009,Volna Mobile (KTK Telecom); Crimea,Ukraine,EUROPE,-,-,Not Submitted,Not Submitted,Not Submitted,No Licence
6069,Krymtelecom; Crimea,Ukraine,EUROPE,-,-,Not Submitted,Not Submitted,No Licence,No Licence
6070,Sevmobile; Crimea,Ukraine,EUROPE,-,-,Not Submitted,Not Submitted,No Licence,No Licence
6255,MKC,Ukraine,EUROPE,-,-,Not Submitted,No Licence,No Licence,No Licence
6256,Phoenix; Donetsk,Ukraine,EUROPE,-,-,Not Submitted,No Licence,No Licence,No Licence
643,Etisalat (e&),United Arab Emirates,ASIA,-,2,2004,2008,Not Submitted,-
1067,du,United Arab Emirates,ASIA,-,-,Not Submitted,Not Submitted,Not Submitted,-
212,3 (CK Hutchison),United Kingdom,EUROPE,-,2,No Licence,2010,2019,-
342,Virgin Media O2 (Telefonica/Liberty Global),United Kingdom,EUROPE,-,1,2010,2010,Not Submitted,-
460,EE (BT),United Kingdom,EUROPE,-,2,2016,2016,Not Submitted,No Licence
563,Vodafone,United Kingdom,EUROPE,-,2,2014,2014,Not Submitted,-
3598,Clear Mobitel,United Kingdom,EUROPE,-,-,No Licence,No Licence,Not Submitted,-
4024,Arqiva,United Kingdom,EUROPE,-,-,No Licence,No Licence,Not Submitted,-
4218,Cambridge Wireless,United Kingdom,EUROPE,-,-,No Licence,No Licence,Not Submitted,-
5350,British Telecom,United Kingdom,EUROPE,-,-,No Licence,No Licence,Not Submitted,-
107,AT&T,United States,N AMERICA,-,5,2012,2012,Not Submitted,-
115,Commnet Wireless (ATN),United States,N AMERICA,-,1,2010,Not Submitted,Not Submitted,No Licence
232,iWireless,United States,N AMERICA,-,6,2016,2016,2016,No Licence
285,Chariton Valley,United States,N AMERICA,-,-,Not Submitted,No Licence,Not Submitted,No Licence
351,Phoenix Communications (Oklahoma Western Telephone Company),United States,N AMERICA,-,2,2013,2016,No Licence,-
466,T-Mobile (Deutsche Telekom),United States,N AMERICA,-,4,2018,2018,2018,-
606,Sprint (SoftBank),United States,N AMERICA,-,1,Not Submitted,2017,2017,-
617,Verizon Wireless,United States,N AMERICA,-,1,2006,Not Submitted,Not Submitted,-
900,US Cellular (TDS),United States,N AMERICA,-,2,2011,Not Submitted,Not Submitted,No Licence
1079,Arctic Slope Telephone Association Cooperative,United States,N AMERICA,-,-,Not Submitted,No Licence,No Licence,No Licence
1299,Big River Communications (Big River Telephone),United States,N AMERICA,-,-,No Licence,No Licence,Not Submitted,-
1305,Carolina West Wireless,United States,N AMERICA,-,-,No Licence,No Licence,Not Submitted,-
1311,CenturyLink,United States,N AMERICA,-,-,No Licence,No Licence,Not Submitted,-
1353,Northwestcell,United States,N AMERICA,-,-,Not Submitted,No Licence,Not Submitted,-
1361,Public Service Data Wireless,United States,N AMERICA,-,-,No Licence,No Licence,Not Submitted,-
1374,S&T Telephone,United States,N AMERICA,-,-,No Licence,No Licence,Not Submitted,-
1377,VTel Wireless (Vermont Telephone Company),United States,N AMERICA,-,-,No Licence,No Licence,Not Submitted,-
1424,ThumbCellular (Agri-Valley Communications),United States,N AMERICA,-,-,Not Submitted,No Licence,Not Submitted,-
2040,Airpeak,United States,N AMERICA,-,-,Not Submitted,No Licence,No Licence,-
2046,C Spire Wireless (Telapex),United States,N AMERICA,-,-,Not Submitted,Not Submitted,Not Submitted,-
2058,WorldCell Solutions,United States,N AMERICA,-,3,2011,2014,Not Submitted,-
2067,SouthernLINC Wireless (Southern Company),United States,N AMERICA,-,-,Not Submitted,No Licence,Not Submitted,-
2719,GW Wireless (Golden West Telecom),United States,N AMERICA,-,-,Not Submitted,No Licence,No Licence,-
3001,Emery Telecom,United States,N AMERICA,-,-,Not Submitted,No Licence,No Licence,-
3074,GCI,United States,N AMERICA,-,1,2012,2012,Not Submitted,No Licence
3170,NTUA Choice Wireless,United States,N AMERICA,-,-,No Licence,No Licence,Not Submitted,-
3289,Big Sky Mobile (iSmart Mobile),United States,N AMERICA,-,1,2013,No Licence,No Licence,No Licence
3312,All West Wireless (All West Communications),United States,N AMERICA,-,-,Not Submitted,No Licence,Not Submitted,-
3313,Choice Wireless,United States,N AMERICA,-,-,Not Submitted,No Licence,No Licence,-
3314,Appalachian Wireless,United States,N AMERICA,-,-,Not Submitted,No Licence,Not Submitted,-
3316,Blanca Telephone Company (Jade Communications),United States,N AMERICA,-,-,Not Submitted,No Licence,No Licence,-
3317,Bluegrass Cellular,United States,N AMERICA,-,1,No Licence,No Licence,2019,-
3324,Cellcom (Nsight),United States,N AMERICA,-,-,No Licence,No Licence,Not Submitted,-
3325,Chat Mobility,United States,N AMERICA,-,-,Not Submitted,No Licence,Not Submitted,-
3327,Cellular One (MTPCS),United States,N AMERICA,-,1,2010,No Licence,Not Submitted,-
3330,Cellular One (Smith Bagley),United States,N AMERICA,-,2,2013,No Licence,No Licence,-
3334,ClearTalk Wireless (NTCH),United States,N AMERICA,-,-,Not Submitted,Not Submitted,Not Submitted,-
3336,Copper Valley Telecom,United States,N AMERICA,-,-,Not Submitted,Not Submitted,Not Submitted,-
3337,Cordova Wireless Communications (Cordova Telephone Cooperative),United States,N AMERICA,-,-,No Licence,Not Submitted,Not Submitted,No Licence
3340,Bravado Wireless (Cross Communications),United States,N AMERICA,-,1,2005,Not Submitted,Not Submitted,-
3344,CusterTel (CTCI),United States,N AMERICA,-,-,Not Submitted,No Licence,Not Submitted,-
3349,ETEX Telephone Cooperative,United States,N AMERICA,-,-,No Licence,No Licence,Not Submitted,-
3351,Farmers Wireless,United States,N AMERICA,-,-,Not Submitted,No Licence,No Licence,-
3354,Illinois Valley Cellular,United States,N AMERICA,-,-,Not Submitted,Not Submitted,Not Submitted,-
3355,Limitless Mobile,United States,N AMERICA,-,-,Not Submitted,No Licence,Not Submitted,No Licence
3356,Indigo Wireless,United States,N AMERICA,-,1,2019,2019,2019,No Licence
3357,Inland Cellular,United States,N AMERICA,-,-,No Licence,Not Submitted,Not Submitted,-
3362,Leaco Wireless,United States,N AMERICA,-,-,Not Submitted,No Licence,No Licence,-
3364,Bug Tussel Wireless (Hilbert Communications),United States,N AMERICA,-,1,2010,No Licence,No Licence,No Licence
3365,Mid-Rivers Communications (Mid-Rivers Telephone Cooperative),United States,N AMERICA,-,-,Not Submitted,Not Submitted,Not Submitted,-
3367,Mobi PCS,United States,N AMERICA,-,-,Not Submitted,No Licence,No Licence,-
3369,Matanuska Telephone Association,United States,N AMERICA,-,-,Not Submitted,Not Submitted,Not Submitted,-
3371,Nemont (Sagebrush Cellular),United States,N AMERICA,-,-,Not Submitted,Not Submitted,Not Submitted,-
3374,Nex-Tech Wireless,United States,N AMERICA,-,-,Not Submitted,No Licence,Not Submitted,-
3377,OTZ Telephone Cooperative,United States,N AMERICA,-,-,Not Submitted,No Licence,No Licence,No Licence
3378,Kaptel,United States,N AMERICA,-,-,Not Submitted,No Licence,No Licence,-
3379,Penasco Valley Telecom,United States,N AMERICA,-,-,Not Submitted,No Licence,Not Submitted,-
3380,Peoples Wireless (Peoples Telephone Cooperative),United States,N AMERICA,-,-,No Licence,No Licence,Not Submitted,-
3381,Pine Belt Wireless (Pine Belt Telephone Company),United States,N AMERICA,-,-,Not Submitted,No Licence,No Licence,-
3382,Pine Cellular,United States,N AMERICA,-,-,Not Submitted,No Licence,No Licence,-
3383,Pinpoint Communications,United States,N AMERICA,-,-,Not Submitted,No Licence,No Licence,-
3384,Pioneer Cellular (Pioneer Telephone Cooperative),United States,N AMERICA,-,-,No Licence,No Licence,Not Submitted,-
3385,Plateau Wireless,United States,N AMERICA,-,1,2011,No Licence,No Licence,-
3392,Shenandoah Telecommunications,United States,N AMERICA,-,-,Not Submitted,Not Submitted,Not Submitted,-
3393,Silver Star Communications,United States,N AMERICA,-,-,Not Submitted,Not Submitted,Not Submitted,-
3395,Snake River PCS (Eagle Telephone System),United States,N AMERICA,-,-,Not Submitted,Not Submitted,Not Submitted,-
3396,South Central Communications,United States,N AMERICA,-,-,Not Submitted,No Licence,Not Submitted,-
3398,Swiftel (Brookings Municipal Utilities),United States,N AMERICA,-,-,Not Submitted,No Licence,No Licence,-
3400,Texas Cellular Communications,United States,N AMERICA,-,-,Not Submitted,No Licence,No Licence,-
3402,STRATA NETWORKS,United States,N AMERICA,-,-,Not Submitted,No Licence,Not Submitted,-
3404,Union Wireless,United States,N AMERICA,-,3,2018,2018,2018,-
3405,United Wireless,United States,N AMERICA,-,-,Not Submitted,No Licence,Not Submitted,-
3407,Viaero Wireless,United States,N AMERICA,-,7,2015,2019,2019,No Licence
3408,West Central Wireless,United States,N AMERICA,-,-,Not Submitted,No Licence,Not Submitted,-
3534,Northeast Wireless,United States,N AMERICA,-,-,Not Submitted,No Licence,No Licence,-
3602,Ligado Networks,United States,N AMERICA,-,-,No Licence,No Licence,Not Submitted,-
3654,BayRICS,United States,N AMERICA,-,-,No Licence,No Licence,Not Submitted,-
3687,Texas Energy Network,United States,N AMERICA,-,-,No Licence,No Licence,Not Submitted,-
3951,James Valley Telecommunications,United States,N AMERICA,-,-,Not Submitted,No Licence,Not Submitted,-
3952,PTCI (Panhandle Telephone Cooperative),United States,N AMERICA,-,-,No Licence,No Licence,Not Submitted,-
3971,MobileNation (SI Wireless),United States,N AMERICA,-,-,No Licence,Not Submitted,No Licence,-
4125,TelAlaska Cellular (American Broadband),United States,N AMERICA,-,-,Not Submitted,No Licence,No Licence,-
4286,S & R Communications,United States,N AMERICA,-,-,No Licence,No Licence,Not Submitted,-
4665,SpeedConnect,United States,N AMERICA,-,-,No Licence,No Licence,Not Submitted,-
4766,O2 Secure Wireless,United States,N AMERICA,-,-,No Licence,No Licence,Not Submitted,-
4799,NNTC Wireless (Northeast Nebraska Telephone Company),United States,N AMERICA,-,-,Not Submitted,No Licence,No Licence,-
4826,Collins Aerospace,United States,N AMERICA,-,-,Not Submitted,No Licence,No Licence,-
5226,Great Plains Communications,United States,N AMERICA,-,-,Not Submitted,No Licence,Not Submitted,-
5227,Kudzu Networks,United States,N AMERICA,-,-,No Licence,No Licence,Not Submitted,-
5418,Aspenta,United States,N AMERICA,-,-,Not Submitted,No Licence,No Licence,-
5458,Nortex Communications,United States,N AMERICA,-,-,No Licence,No Licence,Not Submitted,-
5459,Colorado Valley Communications,United States,N AMERICA,-,-,No Licence,No Licence,Not Submitted,-
5508,KPU (Ketchikan Public Utilities),United States,N AMERICA,-,-,No Licence,No Licence,Not Submitted,-
5530,Evolve Broadband (Worldcall Interconnect),United States,N AMERICA,-,-,No Licence,No Licence,Not Submitted,-
5531,Adams NetWorks,United States,N AMERICA,-,-,No Licence,No Licence,Not Submitted,-
5532,Farmers Mutual Telephone Company,United States,N AMERICA,-,-,No Licence,No Licence,Not Submitted,-
5533,CTC Telecom,United States,N AMERICA,-,-,No Licence,No Licence,Not Submitted,-
5534,NNTC Wireless (Nucla-Naturita Telephone Company),United States,N AMERICA,-,-,No Licence,No Licence,Not Submitted,-
5535,Breakaway Wireless (MTCC),United States,N AMERICA,-,-,No Licence,No Licence,Not Submitted,-
5546,Blue Wireless,United States,N AMERICA,-,-,No Licence,No Licence,Not Submitted,-
5899,BIT Communications (Buggs Island Telephone Cooperative),United States,N AMERICA,-,-,No Licence,No Licence,Not Submitted,-
5900,Anterix,United States,N AMERICA,-,-,Not Submitted,No Licence,No Licence,-
5938,Rock Wireless (Standing Rock Telecom),United States,N AMERICA,-,-,No Licence,No Licence,Not Submitted,-
6087,Redzone Wireless,United States,N AMERICA,-,-,No Licence,No Licence,Not Submitted,-
6211,GigSky,United States,N AMERICA,-,-,No Licence,No Licence,Not Submitted,-
6276,Rise Broadband,United States,N AMERICA,-,-,No Licence,No Licence,Not Submitted,-
6448,Country Wireless,United States,N AMERICA,-,-,No Licence,No Licence,Not Submitted,-
6543,Phoenix Wireless,United States,N AMERICA,-,-,No Licence,No Licence,Not Submitted,-
6754,Infrastructure Networks,United States,N AMERICA,-,-,No Licence,No Licence,Not Submitted,-
18,Claro (America Movil),Uruguay,S AMERICA,-,-,Not Submitted,Not Submitted,Not Submitted,-
22,Antel,Uruguay,S AMERICA,-,3,2019,2019,2019,-
759,Movistar (Telefonica),Uruguay,S AMERICA,-,1,2013,Not Submitted,Not Submitted,-
6548,Dedicado,Uruguay,S AMERICA,-,-,No Licence,No Licence,Not Submitted,-
124,Ucell (Telia),Uzbekistan,ASIA,-,4,2015,2015,2015,-
136,Beeline (VEON),Uzbekistan,ASIA,-,1,2010,2010,Not Submitted,-
766,Perfectum Mobile,Uzbekistan,ASIA,-,-,Not Submitted,Not Submitted,No Licence,-
1040,Uztelecom,Uzbekistan,ASIA,-,-,Not Submitted,Not Submitted,Not Submitted,-
5948,mobiuz,Uzbekistan,ASIA,-,-,Not Submitted,Not Submitted,Not Submitted,-
5952,EVO (Super iMAX),Uzbekistan,ASIA,-,-,No Licence,No Licence,Not Submitted,-
491,Vodafone (ATH),Vanuatu,OCEANIA,-,1,2005,Not Submitted,No Licence,-
1863,Digicel (Telstra),Vanuatu,OCEANIA,-,-,Not Submitted,Not Submitted,Not Submitted,-
5905,WanTok,Vanuatu,OCEANIA,-,-,No Licence,No Licence,Not Submitted,-
145,Digitel,Venezuela,S AMERICA,-,4,2016,2016,2016,No Licence
647,Movilnet (CANTV),Venezuela,S AMERICA,-,1,2011,Not Submitted,Not Submitted,-
653,Movistar (Telefonica),Venezuela,S AMERICA,-,4,2018,2018,2018,No Licence
5971,DIRECTV,Venezuela,S AMERICA,-,-,No Licence,No Licence,Not Submitted,No Licence
6547,Movilmax (Omnivision),Venezuela,S AMERICA,-,-,No Licence,No Licence,Not Submitted,No Licence
546,Viettel Telecom,Vietnam,ASIA,-,3,2019,2019,2019,No Licence
547,Mobifone,Vietnam,ASIA,-,-,Not Submitted,Not Submitted,Not Submitted,-
778,Vinaphone (VNPT),Vietnam,ASIA,-,3,2018,2018,2018,-
962,Vietnamobile,Vietnam,ASIA,-,3,2016,2016,Not Submitted,-
2066,Gmobile (GTEL Mobile),Vietnam,ASIA,-,1,2013,No Licence,Not Submitted,-
799,Flow (Liberty Latin America),"Virgin Islands, British",N AMERICA,-,-,Not Submitted,Not Submitted,Not Submitted,-
1417,CCT,"Virgin Islands, British",N AMERICA,-,1,2005,No Licence,Not Submitted,-
1862,Digicel,"Virgin Islands, British",N AMERICA,-,2,2019,2019,2019,-
760,AT&T (Liberty Latin America),"Virgin Islands, U.S.",N AMERICA,-,-,Not Submitted,No Licence,Not Submitted,-
895,Sprint (SoftBank),"Virgin Islands, U.S.",N AMERICA,-,-,Not Submitted,No Licence,Not Submitted,-
1210,T-Mobile (Deutsche Telekom),"Virgin Islands, U.S.",N AMERICA,-,-,Not Submitted,No Licence,No Licence,-
3565,Viya (ATN),"Virgin Islands, U.S.",N AMERICA,-,-,No Licence,Not Submitted,Not Submitted,-
6148,Manuia (SPT),Wallis and Futuna,OCEANIA,-,-,No Licence,Not Submitted,Not Submitted,-
13,Alcom,World,-,-,2,2018,2018,2018,-
1090,Globalstar,World,-,-,1,2005,No Licence,No Licence,-
1892,Vivacell (Network of the World),World,-,-,-,Not Submitted,No Licence,No Licence,-
3287,Thuraya,World,-,-,1,2005,No Licence,No Licence,-
3291,AeroMobile,World,-,-,-,Not Submitted,Not Submitted,No Licence,-
3292,SITAONAIR,World,-,-,-,Not Submitted,No Licence,No Licence,-
3293,Telenor Maritime,World,-,-,-,Not Submitted,No Licence,No Licence,-
3295,WINS (SpeedCast),World,-,-,-,Not Submitted,No Licence,No Licence,-
3297,Inmarsat,World,-,-,-,Not Submitted,No Licence,No Licence,-
3415,On Waves (Siminn),World,-,-,-,Not Submitted,No Licence,No Licence,-
3731,Wireless Maritime Services,World,-,-,-,Not Submitted,No Licence,No Licence,-
3741,Telespazio,World,-,-,-,Not Submitted,No Licence,No Licence,-
443,YOU,Yemen,ASIA,-,3,2018,No Licence,No Licence,No Licence
587,Sabafon,Yemen,ASIA,-,1,2011,No Licence,No Licence,-
1481,Y,Yemen,ASIA,-,-,Not Submitted,No Licence,No Licence,-
1482,Yemen Mobile,Yemen,ASIA,-,-,Not Submitted,Not Submitted,No Licence,-
95,Airtel (Airtel Africa),Zambia,AFRICA,-,2,2014,2014,Not Submitted,No Licence
590,Zamtel,Zambia,AFRICA,-,1,2017,Not Submitted,Not Submitted,-
770,MTN,Zambia,AFRICA,-,1,2008,Not Submitted,Not Submitted,-
5493,MassNET,Zambia,AFRICA,-,-,No Licence,No Licence,Not Submitted,-
6171,Vodafone (Afrimax),Zambia,AFRICA,-,-,No Licence,No Licence,Not Submitted,-
158,Econet Wireless,Zimbabwe,AFRICA,-,4,2015,2015,2015,-
328,NetOne,Zimbabwe,AFRICA,-,-,Not Submitted,Not Submitted,Not Submitted,No Licence
484,Telecel (ZARNet),Zimbabwe,AFRICA,-,2,2019,2019,2019,No Licence
4220,TelOne,Zimbabwe,AFRICA,-,-,Not Submitted,No Licence,No Licence,-
5499,Aquiva Wireless,Zimbabwe,AFRICA,-,-,No Licence,No Licence,Not Submitted,-
24331,World Mobile,World,,,,,,,